== ID ==,== Velocity (km/h) ==,== Current route ==,== Distance traveled (m) ==,== Destination ==,== Distance to destination (m) ==,== Type ==,== Battery level (%) ==,== Timestamp ==
ev1,0.0,E165,0.0,E103,1400.93,ElectricTruck,50.0,2026-01-01 00:00:00.500000
ev1,1.84,E165,0.26,-E70,3414.97,ElectricTruck,50.0,2026-01-01 00:00:01
ev1,3.31,E165,0.72,-E70,3414.51,ElectricTruck,50.0,2026-01-01 00:00:01.500000
ev1,4.54,E165,1.35,-E70,3413.88,ElectricTruck,50.0,2026-01-01 00:00:02
ev1,6.08,E165,2.19,-E70,3413.04,ElectricTruck,50.0,2026-01-01 00:00:02.500000
ev1,7.92,E165,3.29,-E70,3411.94,ElectricTruck,50.0,2026-01-01 00:00:03
ev1,10.12,E165,4.7,-E70,3410.53,ElectricTruck,49.99,2026-01-01 00:00:03.500000
ev1,12.1,E165,6.38,-E70,3408.85,ElectricTruck,49.99,2026-01-01 00:00:04
ev1,13.9,E165,8.31,-E70,3406.92,ElectricTruck,49.99,2026-01-01 00:00:04.500000
ev1,15.34,E165,10.44,-E70,3404.79,ElectricTruck,49.97,2026-01-01 00:00:05
ev1,17.39,E165,12.86,-E70,3402.37,ElectricTruck,49.97,2026-01-01 00:00:05.500000
ev1,19.4,E165,15.55,-E70,3399.68,ElectricTruck,49.96,2026-01-01 00:00:06
ev1,21.6,E165,18.55,-E70,3396.68,ElectricTruck,49.96,2026-01-01 00:00:06.500000
ev1,22.79,E165,21.71,-E70,3393.52,ElectricTruck,49.95,2026-01-01 00:00:07
ev1,24.52,E165,25.12,-E70,3390.11,ElectricTruck,49.95,2026-01-01 00:00:07.500000
ev1,25.78,E165,28.7,-E70,3386.53,ElectricTruck,49.94,2026-01-01 00:00:08
ev1,28.04,E165,32.6,-E70,3382.63,ElectricTruck,49.92,2026-01-01 00:00:08.500000
ev1,29.52,E165,36.7,-E70,3378.53,ElectricTruck,49.92,2026-01-01 00:00:09
ev1,31.5,E165,41.07,-E70,3374.16,ElectricTruck,49.91,2026-01-01 00:00:09.500000
ev1,33.16,E165,45.68,-E70,3369.55,ElectricTruck,49.9,2026-01-01 00:00:10
ev1,35.5,E165,50.61,-E70,3364.62,ElectricTruck,49.89,2026-01-01 00:00:10.500000
ev1,37.48,E165,55.81,-E70,3359.42,ElectricTruck,49.88,2026-01-01 00:00:11
ev1,39.67,E165,61.32,-E70,3353.91,ElectricTruck,49.86,2026-01-01 00:00:11.500000
ev1,41.08,E165,67.03,-E70,3348.2,ElectricTruck,49.85,2026-01-01 00:00:12
ev1,42.52,E165,72.93,-E70,3342.3,ElectricTruck,49.84,2026-01-01 00:00:12.500000
ev1,44.28,E165,79.08,-E70,3336.15,ElectricTruck,49.83,2026-01-01 00:00:13
ev1,46.15,E165,85.49,-E70,3329.74,ElectricTruck,49.8,2026-01-01 00:00:13.500000
ev1,48.35,E165,92.21,-E70,3323.02,ElectricTruck,49.79,2026-01-01 00:00:14
ev1,50.58,E165,99.24,-E70,3315.99,ElectricTruck,49.76,2026-01-01 00:00:14.500000
ev1,52.13,E165,106.48,-E70,3308.75,ElectricTruck,49.75,2026-01-01 00:00:15
ev1,53.64,E165,113.93,-E70,3301.3,ElectricTruck,49.74,2026-01-01 00:00:15.500000
ev1,55.4,E165,121.62,-E70,3293.61,ElectricTruck,49.71,2026-01-01 00:00:16
ev1,56.77,E165,129.51,-E70,3285.72,ElectricTruck,49.7,2026-01-01 00:00:16.500000
ev1,58.14,E165,137.59,-E70,3277.64,ElectricTruck,49.69,2026-01-01 00:00:17
ev1,59.62,E165,145.87,-E70,3269.36,ElectricTruck,49.66,2026-01-01 00:00:17.500000
ev1,61.92,E165,154.47,-E70,3260.76,ElectricTruck,49.64,2026-01-01 00:00:18
ev1,63.47,E165,163.28,-E70,3251.95,ElectricTruck,49.63,2026-01-01 00:00:18.500000
ev1,64.84,E165,172.29,-E70,3242.94,ElectricTruck,49.6,2026-01-01 00:00:19
ev1,66.96,E165,181.59,-E70,3233.64,ElectricTruck,49.57,2026-01-01 00:00:19.500000
ev1,68.65,E165,191.12,-E70,3224.11,ElectricTruck,49.55,2026-01-01 00:00:20
ev1,69.84,E165,200.82,-E70,3214.41,ElectricTruck,49.54,2026-01-01 00:00:20.500000
ev1,71.82,E165,210.8,-E70,3204.43,ElectricTruck,49.51,2026-01-01 00:00:21
ev1,73.48,E165,221.01,-E70,3194.22,ElectricTruck,49.49,2026-01-01 00:00:21.500000
ev1,75.78,E165,231.53,-E70,3183.7,ElectricTruck,49.45,2026-01-01 00:00:22
ev1,77.51,E165,242.3,-E70,3172.93,ElectricTruck,49.42,2026-01-01 00:00:22.500000
ev1,78.7,E165,253.23,-E70,3162.0,ElectricTruck,49.4,2026-01-01 00:00:23
ev1,80.03,E165,264.34,-E70,3150.89,ElectricTruck,49.39,2026-01-01 00:00:23.500000
ev1,82.37,E165,275.79,-E70,3139.44,ElectricTruck,49.35,2026-01-01 00:00:24
ev1,84.28,E165,287.49,-E70,3127.74,ElectricTruck,49.31,2026-01-01 00:00:24.500000
ev1,85.72,E61,299.39,-E70,3115.84,ElectricTruck,49.29,2026-01-01 00:00:25
ev1,87.26,E61,311.51,-E70,3103.72,ElectricTruck,49.26,2026-01-01 00:00:25.500000
ev1,84.17,E61,323.2,-E70,3092.03,ElectricTruck,49.29,2026-01-01 00:00:26
ev1,77.33,E61,333.94,-E70,3081.29,ElectricTruck,49.35,2026-01-01 00:00:26.500000
ev1,70.13,E61,343.68,-E70,3071.55,ElectricTruck,49.42,2026-01-01 00:00:27
ev1,62.93,E61,352.42,-E70,3062.81,ElectricTruck,49.49,2026-01-01 00:00:27.500000
ev1,55.73,E61,360.16,-E70,3055.07,ElectricTruck,49.54,2026-01-01 00:00:28
ev1,48.53,E61,366.9,-E70,3048.33,ElectricTruck,49.59,2026-01-01 00:00:28.500000
ev1,41.33,E61,372.63,-E70,3042.6,ElectricTruck,49.63,2026-01-01 00:00:29
ev1,34.13,E61,377.37,-E70,3037.86,ElectricTruck,49.66,2026-01-01 00:00:29.500000
ev1,26.93,E61,381.11,-E70,3034.12,ElectricTruck,49.69,2026-01-01 00:00:30
ev1,19.73,:J76_12,381.11,-E70,3034.12,ElectricTruck,49.71,2026-01-01 00:00:30.500000
ev1,21.28,:J76_15,381.11,-E70,3034.12,ElectricTruck,49.71,2026-01-01 00:00:31
ev1,22.97,:J76_15,381.11,-E70,3034.12,ElectricTruck,49.7,2026-01-01 00:00:31.500000
ev1,24.44,:J76_15,381.11,-E70,3034.12,ElectricTruck,49.69,2026-01-01 00:00:32
ev1,25.78,:J76_15,381.11,-E70,3034.12,ElectricTruck,49.67,2026-01-01 00:00:32.500000
ev1,27.0,:J76_15,381.11,-E70,3034.12,ElectricTruck,49.67,2026-01-01 00:00:33
ev1,28.51,-E112,404.68,-E70,3010.55,ElectricTruck,49.66,2026-01-01 00:00:33.500000
ev1,30.56,-E112,408.92,-E70,3006.31,ElectricTruck,49.65,2026-01-01 00:00:34
ev1,31.75,-E112,413.33,-E70,3001.9,ElectricTruck,49.64,2026-01-01 00:00:34.500000
ev1,33.41,-E112,417.97,-E70,2997.26,ElectricTruck,49.61,2026-01-01 00:00:35
ev1,35.64,-E112,422.92,-E70,2992.31,ElectricTruck,49.6,2026-01-01 00:00:35.500000
ev1,37.3,-E112,428.1,-E70,2987.13,ElectricTruck,49.59,2026-01-01 00:00:36
ev1,39.38,-E112,433.57,-E70,2981.66,ElectricTruck,49.57,2026-01-01 00:00:36.500000
ev1,40.97,-E112,439.26,-E70,2975.97,ElectricTruck,49.56,2026-01-01 00:00:37
ev1,36.54,-E112,444.33,-E70,2970.9,ElectricTruck,49.59,2026-01-01 00:00:37.500000
ev1,30.06,-E112,448.51,-E70,2966.72,ElectricTruck,49.61,2026-01-01 00:00:38
ev1,23.29,:J31_5,448.51,-E70,2966.72,ElectricTruck,49.64,2026-01-01 00:00:38.500000
ev1,23.69,:J31_5,448.51,-E70,2966.72,ElectricTruck,49.64,2026-01-01 00:00:39
ev1,22.79,-E20,458.2,-E70,2957.03,ElectricTruck,49.64,2026-01-01 00:00:39.500000
ev1,24.37,-E20,461.58,-E70,2953.65,ElectricTruck,49.61,2026-01-01 00:00:40
ev1,26.35,-E20,465.24,-E70,2949.99,ElectricTruck,49.6,2026-01-01 00:00:40.500000
ev1,27.68,-E20,469.09,-E70,2946.14,ElectricTruck,49.6,2026-01-01 00:00:41
ev1,29.95,-E20,473.25,-E70,2941.98,ElectricTruck,49.59,2026-01-01 00:00:41.500000
ev1,31.39,-E20,477.61,-E70,2937.62,ElectricTruck,49.57,2026-01-01 00:00:42
ev1,26.93,-E20,481.35,-E70,2933.88,ElectricTruck,49.59,2026-01-01 00:00:42.500000
ev1,20.16,-E20,484.15,-E70,2931.08,ElectricTruck,49.61,2026-01-01 00:00:43
ev1,22.25,:J29_4,484.15,-E70,2931.08,ElectricTruck,49.6,2026-01-01 00:00:43.500000
ev1,24.55,:J29_4,484.15,-E70,2931.08,ElectricTruck,49.6,2026-01-01 00:00:44
ev1,26.24,:J29_4,484.15,-E70,2931.08,ElectricTruck,49.59,2026-01-01 00:00:44.500000
ev1,28.01,:J29_4,484.15,-E70,2931.08,ElectricTruck,49.57,2026-01-01 00:00:45
ev1,29.81,:J29_4,484.15,-E70,2931.08,ElectricTruck,49.57,2026-01-01 00:00:45.500000
ev1,31.18,:J29_4,484.15,-E70,2931.08,ElectricTruck,49.56,2026-01-01 00:00:46
ev1,32.98,E19,511.23,-E70,2904.0,ElectricTruck,49.55,2026-01-01 00:00:46.500000
ev1,35.06,E19,516.1,-E70,2899.13,ElectricTruck,49.54,2026-01-01 00:00:47
ev1,36.4,E19,521.16,-E70,2894.07,ElectricTruck,49.52,2026-01-01 00:00:47.500000
ev1,38.7,E19,526.53,-E70,2888.7,ElectricTruck,49.51,2026-01-01 00:00:48
ev1,38.3,E19,531.85,-E70,2883.38,ElectricTruck,49.51,2026-01-01 00:00:48.500000
ev1,31.68,E19,536.25,-E70,2878.98,ElectricTruck,49.55,2026-01-01 00:00:49
ev1,24.48,E19,539.65,-E70,2875.58,ElectricTruck,49.57,2026-01-01 00:00:49.500000
ev1,17.64,:J30_5,539.65,-E70,2875.58,ElectricTruck,49.59,2026-01-01 00:00:50
ev1,19.66,:J30_6,539.65,-E70,2875.58,ElectricTruck,49.59,2026-01-01 00:00:50.500000
ev1,21.96,:J30_6,539.65,-E70,2875.58,ElectricTruck,49.57,2026-01-01 00:00:51
ev1,23.65,:J30_6,539.65,-E70,2875.58,ElectricTruck,49.56,2026-01-01 00:00:51.500000
ev1,25.56,-E118,554.71,-E70,2860.52,ElectricTruck,49.55,2026-01-01 00:00:52
ev1,27.04,-E118,558.47,-E70,2856.76,ElectricTruck,49.54,2026-01-01 00:00:52.500000
ev1,28.48,-E118,562.42,-E70,2852.81,ElectricTruck,49.52,2026-01-01 00:00:53
ev1,30.1,-E118,566.6,-E70,2848.63,ElectricTruck,49.51,2026-01-01 00:00:53.500000
ev1,31.75,-E118,571.01,-E70,2844.22,ElectricTruck,49.51,2026-01-01 00:00:54
ev1,33.3,-E118,575.64,-E70,2839.59,ElectricTruck,49.5,2026-01-01 00:00:54.500000
ev1,29.59,-E118,579.75,-E70,2835.48,ElectricTruck,49.51,2026-01-01 00:00:55
ev1,22.68,-E118,582.9,-E70,2832.33,ElectricTruck,49.54,2026-01-01 00:00:55.500000
ev1,25.02,-E118,586.37,-E70,2828.86,ElectricTruck,49.52,2026-01-01 00:00:56
ev1,26.82,:J27_9,586.37,-E70,2828.86,ElectricTruck,49.51,2026-01-01 00:00:56.500000
ev1,28.26,:J27_9,586.37,-E70,2828.86,ElectricTruck,49.51,2026-01-01 00:00:57
ev1,30.28,:J27_9,586.37,-E70,2828.86,ElectricTruck,49.5,2026-01-01 00:00:57.500000
ev1,31.14,:J27_9,586.37,-E70,2828.86,ElectricTruck,49.49,2026-01-01 00:00:58
ev1,31.07,-E16,606.87,-E70,2808.36,ElectricTruck,49.48,2026-01-01 00:00:58.500000
ev1,32.44,-E16,611.37,-E70,2803.86,ElectricTruck,49.46,2026-01-01 00:00:59
ev1,28.98,-E16,615.4,-E70,2799.83,ElectricTruck,49.48,2026-01-01 00:00:59.500000
ev1,21.78,-E16,618.43,-E70,2796.8,ElectricTruck,49.5,2026-01-01 00:01:00
ev1,14.58,-E16,620.45,-E70,2794.78,ElectricTruck,49.51,2026-01-01 00:01:00.500000
ev1,7.38,-E16,621.48,-E70,2793.75,ElectricTruck,49.52,2026-01-01 00:01:01
ev1,0.61,-E16,621.56,-E70,2793.67,ElectricTruck,49.52,2026-01-01 00:01:01.500000
ev1,0.04,-E16,621.57,-E70,-1073741824.0,ElectricTruck,49.52,2026-01-01 00:01:02
ev1,0.0,-E16,621.57,-E70,-1073741824.0,ElectricTruck,49.52,2026-01-01 00:01:02.500000
ev1,0.0,-E16,621.57,-E70,-1073741824.0,ElectricTruck,49.52,2026-01-01 00:01:03
ev1,0.0,-E16,621.57,-E70,-1073741824.0,ElectricTruck,49.52,2026-01-01 00:01:03.500000
ev1,0.0,-E16,621.57,-E70,-1073741824.0,ElectricTruck,49.52,2026-01-01 00:01:04
ev1,0.0,-E16,621.57,-E70,-1073741824.0,ElectricTruck,49.52,2026-01-01 00:01:04.500000
ev1,0.0,-E16,621.57,-E70,-1073741824.0,ElectricTruck,49.52,2026-01-01 00:01:05
ev1,0.0,-E16,621.57,-E70,-1073741824.0,ElectricTruck,49.52,2026-01-01 00:01:05.500000
ev1,0.0,-E16,621.57,-E70,-1073741824.0,ElectricTruck,49.52,2026-01-01 00:01:06
ev1,0.0,-E16,621.57,-E70,-1073741824.0,ElectricTruck,49.52,2026-01-01 00:01:06.500000
ev1,0.0,-E16,621.57,-E70,-1073741824.0,ElectricTruck,49.52,2026-01-01 00:01:07
ev1,0.0,-E16,621.57,-E70,-1073741824.0,ElectricTruck,49.52,2026-01-01 00:01:07.500000
ev1,0.0,-E16,621.57,-E70,-1073741824.0,ElectricTruck,49.52,2026-01-01 00:01:08
ev1,0.0,-E16,621.57,-E70,-1073741824.0,ElectricTruck,49.52,2026-01-01 00:01:08.500000
ev1,0.0,-E16,621.57,-E70,-1073741824.0,ElectricTruck,49.52,2026-01-01 00:01:09
ev1,0.0,-E16,621.57,-E70,-1073741824.0,ElectricTruck,49.52,2026-01-01 00:01:09.500000
ev1,0.0,-E16,621.57,-E70,-1073741824.0,ElectricTruck,49.52,2026-01-01 00:01:10
ev1,0.0,-E16,621.57,-E70,-1073741824.0,ElectricTruck,49.52,2026-01-01 00:01:10.500000
ev1,0.0,-E16,621.57,-E70,-1073741824.0,ElectricTruck,49.52,2026-01-01 00:01:11
ev1,0.0,-E16,621.57,-E70,-1073741824.0,ElectricTruck,49.52,2026-01-01 00:01:11.500000
ev1,0.0,-E16,621.57,-E70,-1073741824.0,ElectricTruck,49.52,2026-01-01 00:01:12
ev1,0.0,-E16,621.57,-E70,-1073741824.0,ElectricTruck,49.52,2026-01-01 00:01:12.500000
ev1,0.0,-E16,621.57,-E70,-1073741824.0,ElectricTruck,49.52,2026-01-01 00:01:13
ev1,0.0,-E16,621.57,-E70,-1073741824.0,ElectricTruck,49.52,2026-01-01 00:01:13.500000
ev1,0.0,-E16,621.57,-E70,-1073741824.0,ElectricTruck,49.52,2026-01-01 00:01:14
ev1,0.0,-E16,621.57,-E70,-1073741824.0,ElectricTruck,49.52,2026-01-01 00:01:14.500000
ev1,0.0,-E16,621.57,-E70,-1073741824.0,ElectricTruck,49.52,2026-01-01 00:01:15
ev1,0.0,-E16,621.57,-E70,-1073741824.0,ElectricTruck,49.52,2026-01-01 00:01:15.500000
ev1,0.0,-E16,621.57,-E70,-1073741824.0,ElectricTruck,49.52,2026-01-01 00:01:16
ev1,0.0,-E16,621.57,-E70,-1073741824.0,ElectricTruck,49.52,2026-01-01 00:01:16.500000
ev1,0.0,-E16,621.57,-E70,-1073741824.0,ElectricTruck,49.52,2026-01-01 00:01:17
ev1,0.0,-E16,621.57,-E70,-1073741824.0,ElectricTruck,49.52,2026-01-01 00:01:17.500000
ev1,0.0,-E16,621.57,-E70,-1073741824.0,ElectricTruck,49.52,2026-01-01 00:01:18
ev1,0.0,-E16,621.57,-E70,-1073741824.0,ElectricTruck,49.52,2026-01-01 00:01:18.500000
ev1,0.0,-E16,621.57,-E70,-1073741824.0,ElectricTruck,49.52,2026-01-01 00:01:19
ev1,0.0,-E16,621.57,-E70,-1073741824.0,ElectricTruck,49.52,2026-01-01 00:01:19.500000
ev1,0.0,-E16,621.57,-E70,-1073741824.0,ElectricTruck,49.52,2026-01-01 00:01:20
ev1,0.0,-E16,621.57,-E70,-1073741824.0,ElectricTruck,49.52,2026-01-01 00:01:20.500000
ev1,0.0,-E16,621.57,-E70,-1073741824.0,ElectricTruck,49.52,2026-01-01 00:01:21
ev1,0.0,-E16,621.57,-E70,-1073741824.0,ElectricTruck,49.52,2026-01-01 00:01:21.500000
ev1,0.0,-E16,621.57,-E70,-1073741824.0,ElectricTruck,49.52,2026-01-01 00:01:22
ev1,0.0,-E16,621.57,-E70,-1073741824.0,ElectricTruck,49.52,2026-01-01 00:01:22.500000
ev1,0.0,-E16,621.57,-E70,-1073741824.0,ElectricTruck,49.52,2026-01-01 00:01:23
ev1,0.0,-E16,621.57,-E70,-1073741824.0,ElectricTruck,49.52,2026-01-01 00:01:23.500000
ev1,0.0,-E16,621.57,-E70,-1073741824.0,ElectricTruck,49.52,2026-01-01 00:01:24
ev1,0.0,-E16,621.57,-E70,-1073741824.0,ElectricTruck,49.52,2026-01-01 00:01:24.500000
ev1,0.0,-E16,621.57,-E70,-1073741824.0,ElectricTruck,49.52,2026-01-01 00:01:25
ev1,0.0,-E16,621.57,-E70,-1073741824.0,ElectricTruck,49.52,2026-01-01 00:01:25.500000
ev1,0.0,-E16,621.57,-E70,-1073741824.0,ElectricTruck,49.52,2026-01-01 00:01:26
ev1,0.0,-E16,621.57,-E70,-1073741824.0,ElectricTruck,49.52,2026-01-01 00:01:26.500000
ev1,0.0,-E16,621.57,-E70,-1073741824.0,ElectricTruck,49.52,2026-01-01 00:01:27
ev1,0.0,-E16,621.57,-E70,-1073741824.0,ElectricTruck,49.52,2026-01-01 00:01:27.500000
ev1,0.0,-E16,621.57,-E70,-1073741824.0,ElectricTruck,49.52,2026-01-01 00:01:28
ev1,0.0,-E16,621.57,-E70,-1073741824.0,ElectricTruck,49.52,2026-01-01 00:01:28.500000
ev1,0.0,-E16,621.57,-E70,-1073741824.0,ElectricTruck,49.52,2026-01-01 00:01:29
ev1,0.0,-E16,621.57,-E70,-1073741824.0,ElectricTruck,49.52,2026-01-01 00:01:29.500000
ev1,0.0,-E16,621.57,-E70,-1073741824.0,ElectricTruck,49.52,2026-01-01 00:01:30
ev1,0.0,-E16,621.57,-E70,-1073741824.0,ElectricTruck,49.52,2026-01-01 00:01:30.500000
ev1,0.0,-E16,621.57,-E70,-1073741824.0,ElectricTruck,49.52,2026-01-01 00:01:31
ev1,0.0,-E16,621.57,-E70,-1073741824.0,ElectricTruck,49.52,2026-01-01 00:01:31.500000
ev1,0.0,-E16,621.57,-E70,-1073741824.0,ElectricTruck,49.52,2026-01-01 00:01:32
ev1,0.0,-E16,621.57,-E70,-1073741824.0,ElectricTruck,49.52,2026-01-01 00:01:32.500000
ev1,0.0,-E16,621.57,-E70,-1073741824.0,ElectricTruck,49.52,2026-01-01 00:01:33
ev1,0.0,-E16,621.57,-E70,-1073741824.0,ElectricTruck,49.52,2026-01-01 00:01:33.500000
ev1,0.0,-E16,621.57,-E70,-1073741824.0,ElectricTruck,49.52,2026-01-01 00:01:34
ev1,0.0,-E16,621.57,-E70,-1073741824.0,ElectricTruck,49.52,2026-01-01 00:01:34.500000
ev1,0.0,-E16,621.57,-E70,-1073741824.0,ElectricTruck,49.52,2026-01-01 00:01:35
ev1,0.0,-E16,621.57,-E70,-1073741824.0,ElectricTruck,49.52,2026-01-01 00:01:35.500000
ev1,0.0,-E16,621.57,-E70,-1073741824.0,ElectricTruck,49.52,2026-01-01 00:01:36
ev1,0.0,-E16,621.57,-E70,-1073741824.0,ElectricTruck,49.52,2026-01-01 00:01:36.500000
ev1,0.0,-E16,621.57,-E70,-1073741824.0,ElectricTruck,49.52,2026-01-01 00:01:37
ev1,0.0,-E16,621.57,-E70,-1073741824.0,ElectricTruck,49.52,2026-01-01 00:01:37.500000
ev1,0.0,-E16,621.57,-E70,-1073741824.0,ElectricTruck,49.52,2026-01-01 00:01:38
ev1,0.0,-E16,621.57,-E70,-1073741824.0,ElectricTruck,49.52,2026-01-01 00:01:38.500000
ev1,0.0,-E16,621.57,-E70,-1073741824.0,ElectricTruck,49.52,2026-01-01 00:01:39
ev1,0.0,-E16,621.57,-E70,-1073741824.0,ElectricTruck,49.52,2026-01-01 00:01:39.500000
ev1,0.0,-E16,621.57,-E70,-1073741824.0,ElectricTruck,49.52,2026-01-01 00:01:40
ev1,0.0,-E16,621.57,-E70,-1073741824.0,ElectricTruck,49.52,2026-01-01 00:01:40.500000
ev1,0.0,-E16,621.57,-E70,-1073741824.0,ElectricTruck,49.52,2026-01-01 00:01:41
ev1,0.0,-E16,621.57,-E70,-1073741824.0,ElectricTruck,49.52,2026-01-01 00:01:41.500000
ev1,0.0,-E16,621.57,-E70,-1073741824.0,ElectricTruck,49.52,2026-01-01 00:01:42
ev1,0.0,-E16,621.57,-E70,-1073741824.0,ElectricTruck,49.52,2026-01-01 00:01:42.500000
ev1,0.0,-E16,621.57,-E70,-1073741824.0,ElectricTruck,49.52,2026-01-01 00:01:43
ev1,0.0,-E16,621.57,-E70,-1073741824.0,ElectricTruck,49.52,2026-01-01 00:01:43.500000
ev1,0.0,-E16,621.57,-E70,-1073741824.0,ElectricTruck,49.52,2026-01-01 00:01:44
ev1,0.0,-E16,621.57,-E70,-1073741824.0,ElectricTruck,49.52,2026-01-01 00:01:44.500000
ev1,0.0,-E16,621.57,-E70,-1073741824.0,ElectricTruck,49.52,2026-01-01 00:01:45
ev1,0.0,-E16,621.57,-E70,-1073741824.0,ElectricTruck,49.52,2026-01-01 00:01:45.500000
ev1,0.0,-E16,621.57,-E70,-1073741824.0,ElectricTruck,49.52,2026-01-01 00:01:46
ev1,0.0,-E16,621.57,-E70,-1073741824.0,ElectricTruck,49.52,2026-01-01 00:01:46.500000
ev1,0.0,-E16,621.57,-E70,-1073741824.0,ElectricTruck,49.52,2026-01-01 00:01:47
ev1,0.0,-E16,621.57,-E70,-1073741824.0,ElectricTruck,49.52,2026-01-01 00:01:47.500000
ev1,0.0,-E16,621.57,-E70,-1073741824.0,ElectricTruck,49.52,2026-01-01 00:01:48
ev1,0.0,-E16,621.57,-E70,-1073741824.0,ElectricTruck,49.52,2026-01-01 00:01:48.500000
ev1,0.0,-E16,621.57,-E70,-1073741824.0,ElectricTruck,49.52,2026-01-01 00:01:49
ev1,0.0,-E16,621.57,-E70,-1073741824.0,ElectricTruck,49.52,2026-01-01 00:01:49.500000
ev1,0.0,-E16,621.57,-E70,-1073741824.0,ElectricTruck,49.52,2026-01-01 00:01:50
ev1,0.0,-E16,621.57,-E70,-1073741824.0,ElectricTruck,49.52,2026-01-01 00:01:50.500000
ev1,0.0,-E16,621.57,-E70,-1073741824.0,ElectricTruck,49.52,2026-01-01 00:01:51
ev1,0.0,-E16,621.57,-E70,-1073741824.0,ElectricTruck,49.52,2026-01-01 00:01:51.500000
ev1,0.0,-E16,621.57,-E70,-1073741824.0,ElectricTruck,49.52,2026-01-01 00:01:52
ev1,0.0,-E16,621.57,-E70,-1073741824.0,ElectricTruck,49.52,2026-01-01 00:01:52.500000
ev1,0.0,-E16,621.57,-E70,-1073741824.0,ElectricTruck,49.52,2026-01-01 00:01:53
ev1,0.0,-E16,621.57,-E70,-1073741824.0,ElectricTruck,49.52,2026-01-01 00:01:53.500000
ev1,0.0,-E16,621.57,-E70,-1073741824.0,ElectricTruck,49.52,2026-01-01 00:01:54
ev1,0.0,-E16,621.57,-E70,-1073741824.0,ElectricTruck,49.52,2026-01-01 00:01:54.500000
ev1,0.0,-E16,621.57,-E70,-1073741824.0,ElectricTruck,49.52,2026-01-01 00:01:55
ev1,0.0,-E16,621.57,-E70,-1073741824.0,ElectricTruck,49.52,2026-01-01 00:01:55.500000
ev1,0.0,-E16,621.57,-E70,-1073741824.0,ElectricTruck,49.52,2026-01-01 00:01:56
ev1,0.0,-E16,621.57,-E70,-1073741824.0,ElectricTruck,49.52,2026-01-01 00:01:56.500000
ev1,0.0,-E16,621.57,-E70,-1073741824.0,ElectricTruck,49.52,2026-01-01 00:01:57
ev1,0.0,-E16,621.57,-E70,-1073741824.0,ElectricTruck,49.52,2026-01-01 00:01:57.500000
ev1,0.0,-E16,621.57,-E70,-1073741824.0,ElectricTruck,49.52,2026-01-01 00:01:58
ev1,0.0,-E16,621.57,-E70,-1073741824.0,ElectricTruck,49.52,2026-01-01 00:01:58.500000
ev1,0.0,-E16,621.57,-E70,-1073741824.0,ElectricTruck,49.52,2026-01-01 00:01:59
ev1,0.0,-E16,621.57,-E70,-1073741824.0,ElectricTruck,49.52,2026-01-01 00:01:59.500000
ev1,0.0,-E16,621.57,-E70,-1073741824.0,ElectricTruck,49.52,2026-01-01 00:02:00
ev1,0.0,-E16,621.57,-E70,-1073741824.0,ElectricTruck,49.52,2026-01-01 00:02:00.500000
ev1,0.0,-E16,621.57,-E70,-1073741824.0,ElectricTruck,49.52,2026-01-01 00:02:01
ev1,0.0,-E16,621.57,-E70,-1073741824.0,ElectricTruck,49.52,2026-01-01 00:02:01.500000
ev1,0.0,-E16,621.57,-E70,-1073741824.0,ElectricTruck,49.52,2026-01-01 00:02:02
ev1,0.0,-E16,621.57,-E70,-1073741824.0,ElectricTruck,49.52,2026-01-01 00:02:02.500000
ev1,0.0,-E16,621.57,-E70,-1073741824.0,ElectricTruck,49.52,2026-01-01 00:02:03
ev1,0.0,-E16,621.57,-E70,-1073741824.0,ElectricTruck,49.52,2026-01-01 00:02:03.500000
ev1,0.0,-E16,621.57,-E70,-1073741824.0,ElectricTruck,49.52,2026-01-01 00:02:04
ev1,0.0,-E16,621.57,-E70,-1073741824.0,ElectricTruck,49.52,2026-01-01 00:02:04.500000
ev1,0.0,-E16,621.57,-E70,-1073741824.0,ElectricTruck,49.52,2026-01-01 00:02:05
ev1,0.0,-E16,621.57,-E70,-1073741824.0,ElectricTruck,49.52,2026-01-01 00:02:05.500000
ev1,0.0,-E16,621.57,-E70,-1073741824.0,ElectricTruck,49.52,2026-01-01 00:02:06
ev1,0.0,-E16,621.57,-E70,-1073741824.0,ElectricTruck,49.52,2026-01-01 00:02:06.500000
ev1,0.0,-E16,621.57,-E70,-1073741824.0,ElectricTruck,49.52,2026-01-01 00:02:07
ev1,0.0,-E16,621.57,-E70,-1073741824.0,ElectricTruck,49.52,2026-01-01 00:02:07.500000
ev1,0.0,-E16,621.57,-E70,-1073741824.0,ElectricTruck,49.52,2026-01-01 00:02:08
ev1,0.0,-E16,621.57,-E70,-1073741824.0,ElectricTruck,49.52,2026-01-01 00:02:08.500000
ev1,0.0,-E16,621.57,-E70,-1073741824.0,ElectricTruck,49.52,2026-01-01 00:02:09
ev1,0.0,-E16,621.57,-E70,-1073741824.0,ElectricTruck,49.52,2026-01-01 00:02:09.500000
ev1,0.0,-E16,621.57,-E70,-1073741824.0,ElectricTruck,49.52,2026-01-01 00:02:10
ev1,0.0,-E16,621.57,-E70,-1073741824.0,ElectricTruck,49.52,2026-01-01 00:02:10.500000
ev1,0.0,-E16,621.57,-E70,-1073741824.0,ElectricTruck,49.52,2026-01-01 00:02:11
ev1,0.0,-E16,621.57,-E70,-1073741824.0,ElectricTruck,49.52,2026-01-01 00:02:11.500000
ev1,0.0,-E16,621.57,-E70,-1073741824.0,ElectricTruck,49.52,2026-01-01 00:02:12
ev1,0.0,-E16,621.57,-E70,-1073741824.0,ElectricTruck,49.52,2026-01-01 00:02:12.500000
ev1,0.0,-E16,621.57,-E70,-1073741824.0,ElectricTruck,49.52,2026-01-01 00:02:13
ev1,0.0,-E16,621.57,-E70,-1073741824.0,ElectricTruck,49.52,2026-01-01 00:02:13.500000
ev1,0.0,-E16,621.57,-E70,-1073741824.0,ElectricTruck,49.52,2026-01-01 00:02:14
ev1,0.0,-E16,621.57,-E70,-1073741824.0,ElectricTruck,49.52,2026-01-01 00:02:14.500000
ev1,0.0,-E16,621.57,-E70,-1073741824.0,ElectricTruck,49.52,2026-01-01 00:02:15
ev1,0.0,-E16,621.57,-E70,-1073741824.0,ElectricTruck,49.52,2026-01-01 00:02:15.500000
ev1,0.0,-E16,621.57,-E70,-1073741824.0,ElectricTruck,49.52,2026-01-01 00:02:16
ev1,0.0,-E16,621.57,-E70,-1073741824.0,ElectricTruck,49.52,2026-01-01 00:02:16.500000
ev1,0.0,-E16,621.57,-E70,-1073741824.0,ElectricTruck,49.52,2026-01-01 00:02:17
ev1,0.0,-E16,621.57,-E70,-1073741824.0,ElectricTruck,49.52,2026-01-01 00:02:17.500000
ev1,0.0,-E16,621.57,-E70,-1073741824.0,ElectricTruck,49.52,2026-01-01 00:02:18
ev1,0.0,-E16,621.57,-E70,-1073741824.0,ElectricTruck,49.52,2026-01-01 00:02:18.500000
ev1,0.0,-E16,621.57,-E70,-1073741824.0,ElectricTruck,49.52,2026-01-01 00:02:19
ev1,0.0,-E16,621.57,-E70,-1073741824.0,ElectricTruck,49.52,2026-01-01 00:02:19.500000
ev1,0.0,-E16,621.57,-E70,-1073741824.0,ElectricTruck,49.52,2026-01-01 00:02:20
ev1,0.0,-E16,621.57,-E70,-1073741824.0,ElectricTruck,49.52,2026-01-01 00:02:20.500000
ev1,0.0,-E16,621.57,-E70,-1073741824.0,ElectricTruck,49.52,2026-01-01 00:02:21
ev1,0.0,-E16,621.57,-E70,-1073741824.0,ElectricTruck,49.52,2026-01-01 00:02:21.500000
ev1,0.0,-E16,621.57,-E70,-1073741824.0,ElectricTruck,49.52,2026-01-01 00:02:22
ev1,0.0,-E16,621.57,-E70,-1073741824.0,ElectricTruck,49.52,2026-01-01 00:02:22.500000
ev1,0.0,-E16,621.57,-E70,-1073741824.0,ElectricTruck,49.52,2026-01-01 00:02:23
ev1,0.0,-E16,621.57,-E70,-1073741824.0,ElectricTruck,49.52,2026-01-01 00:02:23.500000
ev1,0.0,-E16,621.57,-E70,-1073741824.0,ElectricTruck,49.52,2026-01-01 00:02:24
ev1,0.0,-E16,621.57,-E70,-1073741824.0,ElectricTruck,49.52,2026-01-01 00:02:24.500000
ev1,0.0,-E16,621.57,-E70,-1073741824.0,ElectricTruck,49.52,2026-01-01 00:02:25
ev1,0.0,-E16,621.57,-E70,-1073741824.0,ElectricTruck,49.52,2026-01-01 00:02:25.500000
ev1,0.0,-E16,621.57,-E70,-1073741824.0,ElectricTruck,49.52,2026-01-01 00:02:26
ev1,0.0,-E16,621.57,-E70,-1073741824.0,ElectricTruck,49.52,2026-01-01 00:02:26.500000
ev1,0.0,-E16,621.57,-E70,-1073741824.0,ElectricTruck,49.52,2026-01-01 00:02:27
ev1,0.0,-E16,621.57,-E70,-1073741824.0,ElectricTruck,49.52,2026-01-01 00:02:27.500000
ev1,0.0,-E16,621.57,-E70,-1073741824.0,ElectricTruck,49.52,2026-01-01 00:02:28
ev1,0.0,-E16,621.57,-E70,-1073741824.0,ElectricTruck,49.52,2026-01-01 00:02:28.500000
ev1,0.0,-E16,621.57,-E70,-1073741824.0,ElectricTruck,49.52,2026-01-01 00:02:29
ev1,0.0,-E16,621.57,-E70,-1073741824.0,ElectricTruck,49.52,2026-01-01 00:02:29.500000
ev1,0.0,-E16,621.57,-E70,-1073741824.0,ElectricTruck,49.52,2026-01-01 00:02:30
ev1,0.0,-E16,621.57,-E70,-1073741824.0,ElectricTruck,49.52,2026-01-01 00:02:30.500000
ev1,0.0,-E16,621.57,-E70,-1073741824.0,ElectricTruck,49.52,2026-01-01 00:02:31
ev1,0.0,-E16,621.57,-E70,2793.66,ElectricTruck,49.52,2026-01-01 00:02:31.500000
ev1,1.98,-E16,621.85,-E70,2793.38,ElectricTruck,49.52,2026-01-01 00:02:32
ev1,4.03,-E16,622.4,-E70,2792.83,ElectricTruck,49.52,2026-01-01 00:02:32.500000
ev1,6.37,-E16,623.29,-E70,2791.94,ElectricTruck,49.52,2026-01-01 00:02:33
ev1,8.35,-E16,624.45,-E70,2790.78,ElectricTruck,49.52,2026-01-01 00:02:33.500000
ev1,10.66,-E16,625.93,-E70,2789.3,ElectricTruck,49.52,2026-01-01 00:02:34
ev1,12.35,-E16,627.64,-E70,2787.59,ElectricTruck,49.51,2026-01-01 00:02:34.500000
ev1,14.11,-E16,629.6,-E70,2785.63,ElectricTruck,49.51,2026-01-01 00:02:35
ev1,16.42,-E16,631.88,-E70,2783.35,ElectricTruck,49.51,2026-01-01 00:02:35.500000
ev1,18.76,-E16,634.49,-E70,2780.74,ElectricTruck,49.5,2026-01-01 00:02:36
ev1,20.63,:J26_4,634.49,-E70,2780.74,ElectricTruck,49.49,2026-01-01 00:02:36.500000
ev1,22.93,:J26_4,634.49,-E70,2780.74,ElectricTruck,49.49,2026-01-01 00:02:37
ev1,23.08,:J26_4,634.49,-E70,2780.74,ElectricTruck,49.48,2026-01-01 00:02:37.500000
ev1,23.08,-E15,646.95,-E70,2768.28,ElectricTruck,49.48,2026-01-01 00:02:38
ev1,24.34,-E15,650.33,-E70,2764.9,ElectricTruck,49.46,2026-01-01 00:02:38.500000
ev1,25.78,-E15,653.91,-E70,2761.32,ElectricTruck,49.45,2026-01-01 00:02:39
ev1,27.22,-E15,657.69,-E70,2757.54,ElectricTruck,49.45,2026-01-01 00:02:39.500000
ev1,29.3,-E15,661.76,-E70,2753.47,ElectricTruck,49.44,2026-01-01 00:02:40
ev1,30.82,-E15,666.04,-E70,2749.19,ElectricTruck,49.42,2026-01-01 00:02:40.500000
ev1,28.98,-E15,670.07,-E70,2745.16,ElectricTruck,49.44,2026-01-01 00:02:41
ev1,21.78,-E15,673.09,-E70,2742.14,ElectricTruck,49.45,2026-01-01 00:02:41.500000
ev1,14.72,-E15,675.13,-E70,2740.1,ElectricTruck,49.48,2026-01-01 00:02:42
ev1,7.52,-E15,676.17,-E70,2739.06,ElectricTruck,49.49,2026-01-01 00:02:42.500000
ev1,1.51,-E15,676.38,-E70,2738.85,ElectricTruck,49.49,2026-01-01 00:02:43
ev1,0.11,-E15,676.4,-E70,2738.83,ElectricTruck,49.49,2026-01-01 00:02:43.500000
ev1,0.0,-E15,676.4,-E70,2738.83,ElectricTruck,49.49,2026-01-01 00:02:44
ev1,0.0,-E15,676.4,-E70,2738.83,ElectricTruck,49.49,2026-01-01 00:02:44.500000
ev1,0.0,-E15,676.4,-E70,2738.83,ElectricTruck,49.49,2026-01-01 00:02:45
ev1,0.0,-E15,676.4,-E70,2738.83,ElectricTruck,49.49,2026-01-01 00:02:45.500000
ev1,0.0,-E15,676.4,-E70,2738.83,ElectricTruck,49.49,2026-01-01 00:02:46
ev1,0.0,-E15,676.4,-E70,2738.83,ElectricTruck,49.49,2026-01-01 00:02:46.500000
ev1,0.0,-E15,676.4,-E70,2738.83,ElectricTruck,49.49,2026-01-01 00:02:47
ev1,0.0,-E15,676.4,-E70,2738.83,ElectricTruck,49.49,2026-01-01 00:02:47.500000
ev1,0.0,-E15,676.4,-E70,2738.83,ElectricTruck,49.49,2026-01-01 00:02:48
ev1,0.0,-E15,676.4,-E70,2738.83,ElectricTruck,49.49,2026-01-01 00:02:48.500000
ev1,0.0,-E15,676.4,-E70,2738.83,ElectricTruck,49.49,2026-01-01 00:02:49
ev1,0.0,-E15,676.4,-E70,2738.83,ElectricTruck,49.49,2026-01-01 00:02:49.500000
ev1,0.0,-E15,676.4,-E70,2738.83,ElectricTruck,49.49,2026-01-01 00:02:50
ev1,0.0,-E15,676.4,-E70,2738.83,ElectricTruck,49.49,2026-01-01 00:02:50.500000
ev1,0.0,-E15,676.4,-E70,2738.83,ElectricTruck,49.49,2026-01-01 00:02:51
ev1,0.0,-E15,676.4,-E70,2738.83,ElectricTruck,49.49,2026-01-01 00:02:51.500000
ev1,0.0,-E15,676.4,-E70,2738.83,ElectricTruck,49.49,2026-01-01 00:02:52
ev1,0.0,-E15,676.4,-E70,2738.83,ElectricTruck,49.49,2026-01-01 00:02:52.500000
ev1,0.0,-E15,676.4,-E70,2738.83,ElectricTruck,49.49,2026-01-01 00:02:53
ev1,0.0,-E15,676.4,-E70,2738.83,ElectricTruck,49.49,2026-01-01 00:02:53.500000
ev1,0.0,-E15,676.4,-E70,2738.83,ElectricTruck,49.49,2026-01-01 00:02:54
ev1,0.0,-E15,676.4,-E70,2738.83,ElectricTruck,49.49,2026-01-01 00:02:54.500000
ev1,0.0,-E15,676.4,-E70,2738.83,ElectricTruck,49.49,2026-01-01 00:02:55
ev1,0.0,-E15,676.4,-E70,2738.83,ElectricTruck,49.49,2026-01-01 00:02:55.500000
ev1,0.0,-E15,676.4,-E70,2738.83,ElectricTruck,49.49,2026-01-01 00:02:56
ev1,0.0,-E15,676.4,-E70,2738.83,ElectricTruck,49.49,2026-01-01 00:02:56.500000
ev1,0.0,-E15,676.4,-E70,2738.83,ElectricTruck,49.49,2026-01-01 00:02:57
ev1,0.0,-E15,676.4,-E70,2738.83,ElectricTruck,49.49,2026-01-01 00:02:57.500000
ev1,0.0,-E15,676.4,-E70,2738.83,ElectricTruck,49.49,2026-01-01 00:02:58
ev1,0.0,-E15,676.4,-E70,2738.83,ElectricTruck,49.49,2026-01-01 00:02:58.500000
ev1,0.0,-E15,676.4,-E70,2738.83,ElectricTruck,49.49,2026-01-01 00:02:59
ev1,0.0,-E15,676.4,-E70,2738.83,ElectricTruck,49.49,2026-01-01 00:02:59.500000
ev1,0.0,-E15,676.4,-E70,2738.83,ElectricTruck,49.49,2026-01-01 00:03:00
ev1,2.3,-E15,676.72,-E70,2738.51,ElectricTruck,49.49,2026-01-01 00:03:00.500000
ev1,4.43,-E15,677.33,-E70,2737.9,ElectricTruck,49.49,2026-01-01 00:03:01
ev1,6.37,:J0_8,677.33,-E70,2737.9,ElectricTruck,49.49,2026-01-01 00:03:01.500000
ev1,8.53,:J0_8,677.33,-E70,2737.9,ElectricTruck,49.48,2026-01-01 00:03:02
ev1,10.62,:J0_8,677.33,-E70,2737.9,ElectricTruck,49.48,2026-01-01 00:03:02.500000
ev1,12.49,:J0_8,677.33,-E70,2737.9,ElectricTruck,49.48,2026-01-01 00:03:03
ev1,14.11,:J0_8,677.33,-E70,2737.9,ElectricTruck,49.46,2026-01-01 00:03:03.500000
ev1,15.48,:J0_8,677.33,-E70,2737.9,ElectricTruck,49.46,2026-01-01 00:03:04
ev1,17.68,:J0_8,677.33,-E70,2737.9,ElectricTruck,49.46,2026-01-01 00:03:04.500000
ev1,19.3,-pitagoras,691.86,-E70,2723.37,ElectricTruck,49.45,2026-01-01 00:03:05
ev1,21.24,-pitagoras,694.81,-E70,2720.42,ElectricTruck,49.45,2026-01-01 00:03:05.500000
ev1,23.36,-pitagoras,698.05,-E70,2717.18,ElectricTruck,49.44,2026-01-01 00:03:06
ev1,24.66,-pitagoras,701.48,-E70,2713.75,ElectricTruck,49.44,2026-01-01 00:03:06.500000
ev1,26.68,-pitagoras,705.18,-E70,2710.05,ElectricTruck,49.42,2026-01-01 00:03:07
ev1,27.94,-pitagoras,709.06,-E70,2706.17,ElectricTruck,49.41,2026-01-01 00:03:07.500000
ev1,29.41,-pitagoras,713.15,-E70,2702.08,ElectricTruck,49.41,2026-01-01 00:03:08
ev1,23.65,-pitagoras,716.43,-E70,2698.8,ElectricTruck,49.42,2026-01-01 00:03:08.500000
ev1,17.28,-pitagoras,718.83,-E70,2696.4,ElectricTruck,49.45,2026-01-01 00:03:09
ev1,19.4,:J5_4,718.83,-E70,2696.4,ElectricTruck,49.44,2026-01-01 00:03:09.500000
ev1,21.02,:J5_4,718.83,-E70,2696.4,ElectricTruck,49.44,2026-01-01 00:03:10
ev1,22.97,:J5_4,718.83,-E70,2696.4,ElectricTruck,49.42,2026-01-01 00:03:10.500000
ev1,23.76,-joulesB,730.93,-E70,2684.3,ElectricTruck,49.41,2026-01-01 00:03:11
ev1,25.78,-joulesB,734.52,-E70,2680.71,ElectricTruck,49.4,2026-01-01 00:03:11.500000
ev1,27.4,-joulesB,738.32,-E70,2676.91,ElectricTruck,49.39,2026-01-01 00:03:12
ev1,29.2,-joulesB,742.38,-E70,2672.85,ElectricTruck,49.38,2026-01-01 00:03:12.500000
ev1,31.46,-joulesB,746.75,-E70,2668.48,ElectricTruck,49.36,2026-01-01 00:03:13
ev1,32.83,-joulesB,751.31,-E70,2663.92,ElectricTruck,49.35,2026-01-01 00:03:13.500000
ev1,30.31,-joulesB,755.52,-E70,2659.71,ElectricTruck,49.36,2026-01-01 00:03:14
ev1,24.48,-joulesB,758.92,-E70,2656.31,ElectricTruck,49.39,2026-01-01 00:03:14.500000
ev1,26.82,:J2_10,758.92,-E70,2656.31,ElectricTruck,49.38,2026-01-01 00:03:15
ev1,28.51,:J2_11,758.92,-E70,2656.31,ElectricTruck,49.36,2026-01-01 00:03:15.500000
ev1,30.28,:J2_11,758.92,-E70,2656.31,ElectricTruck,49.35,2026-01-01 00:03:16
ev1,31.97,:J2_11,758.92,-E70,2656.31,ElectricTruck,49.34,2026-01-01 00:03:16.500000
ev1,33.62,:J2_11,758.92,-E70,2656.31,ElectricTruck,49.31,2026-01-01 00:03:17
ev1,34.85,euler,784.76,-E70,2630.47,ElectricTruck,49.3,2026-01-01 00:03:17.500000
ev1,36.54,euler,789.83,-E70,2625.4,ElectricTruck,49.29,2026-01-01 00:03:18
ev1,36.58,euler,794.91,-E70,2620.32,ElectricTruck,49.29,2026-01-01 00:03:18.500000
ev1,29.74,euler,799.04,-E70,2616.19,ElectricTruck,49.33,2026-01-01 00:03:19
ev1,23.15,euler,802.26,-E70,2612.97,ElectricTruck,49.34,2026-01-01 00:03:19.500000
ev1,15.95,euler,804.47,-E70,2610.76,ElectricTruck,49.36,2026-01-01 00:03:20
ev1,9.36,euler,805.77,-E70,2609.46,ElectricTruck,49.38,2026-01-01 00:03:20.500000
ev1,2.81,euler,806.16,-E70,2609.07,ElectricTruck,49.38,2026-01-01 00:03:21
ev1,0.36,euler,806.21,-E70,2609.02,ElectricTruck,49.38,2026-01-01 00:03:21.500000
ev1,0.07,euler,806.22,-E70,2609.01,ElectricTruck,49.38,2026-01-01 00:03:22
ev1,0.0,euler,806.22,-E70,2609.01,ElectricTruck,49.38,2026-01-01 00:03:22.500000
ev1,0.0,euler,806.22,-E70,2609.01,ElectricTruck,49.38,2026-01-01 00:03:23
ev1,0.0,euler,806.22,-E70,2609.01,ElectricTruck,49.38,2026-01-01 00:03:23.500000
ev1,0.0,euler,806.22,-E70,2609.01,ElectricTruck,49.38,2026-01-01 00:03:24
ev1,0.0,euler,806.22,-E70,2609.01,ElectricTruck,49.38,2026-01-01 00:03:24.500000
ev1,0.0,euler,806.22,-E70,2609.01,ElectricTruck,49.38,2026-01-01 00:03:25
ev1,0.0,euler,806.22,-E70,2609.01,ElectricTruck,49.38,2026-01-01 00:03:25.500000
ev1,0.0,euler,806.22,-E70,2609.01,ElectricTruck,49.38,2026-01-01 00:03:26
ev1,0.0,euler,806.22,-E70,2609.01,ElectricTruck,49.38,2026-01-01 00:03:26.500000
ev1,0.0,euler,806.22,-E70,2609.01,ElectricTruck,49.38,2026-01-01 00:03:27
ev1,0.0,euler,806.22,-E70,2609.01,ElectricTruck,49.38,2026-01-01 00:03:27.500000
ev1,0.0,euler,806.22,-E70,2609.01,ElectricTruck,49.38,2026-01-01 00:03:28
ev1,0.0,euler,806.22,-E70,2609.01,ElectricTruck,49.38,2026-01-01 00:03:28.500000
ev1,0.0,euler,806.22,-E70,2609.01,ElectricTruck,49.38,2026-01-01 00:03:29
ev1,0.0,euler,806.22,-E70,2609.01,ElectricTruck,49.38,2026-01-01 00:03:29.500000
ev1,0.0,euler,806.22,-E70,2609.01,ElectricTruck,49.38,2026-01-01 00:03:30
ev1,0.0,euler,806.22,-E70,2609.01,ElectricTruck,49.38,2026-01-01 00:03:30.500000
ev1,0.0,euler,806.22,-E70,2609.01,ElectricTruck,49.38,2026-01-01 00:03:31
ev1,0.0,euler,806.22,-E70,2609.01,ElectricTruck,49.38,2026-01-01 00:03:31.500000
ev1,0.0,euler,806.22,-E70,2609.01,ElectricTruck,49.38,2026-01-01 00:03:32
ev1,0.0,euler,806.22,-E70,2609.01,ElectricTruck,49.38,2026-01-01 00:03:32.500000
ev1,0.0,euler,806.22,-E70,2609.01,ElectricTruck,49.38,2026-01-01 00:03:33
ev1,0.0,euler,806.22,-E70,2609.01,ElectricTruck,49.38,2026-01-01 00:03:33.500000
ev1,0.0,euler,806.22,-E70,2609.01,ElectricTruck,49.38,2026-01-01 00:03:34
ev1,0.0,euler,806.22,-E70,2609.01,ElectricTruck,49.38,2026-01-01 00:03:34.500000
ev1,0.0,euler,806.22,-E70,2609.01,ElectricTruck,49.38,2026-01-01 00:03:35
ev1,0.0,euler,806.22,-E70,2609.01,ElectricTruck,49.38,2026-01-01 00:03:35.500000
ev1,0.0,euler,806.22,-E70,2609.01,ElectricTruck,49.38,2026-01-01 00:03:36
ev1,0.0,euler,806.22,-E70,2609.01,ElectricTruck,49.38,2026-01-01 00:03:36.500000
ev1,0.0,euler,806.22,-E70,2609.01,ElectricTruck,49.38,2026-01-01 00:03:37
ev1,0.0,euler,806.22,-E70,2609.01,ElectricTruck,49.38,2026-01-01 00:03:37.500000
ev1,0.0,euler,806.22,-E70,2609.01,ElectricTruck,49.38,2026-01-01 00:03:38
ev1,0.0,euler,806.22,-E70,2609.01,ElectricTruck,49.38,2026-01-01 00:03:38.500000
ev1,0.0,euler,806.22,-E70,2609.01,ElectricTruck,49.38,2026-01-01 00:03:39
ev1,0.0,euler,806.22,-E70,2609.01,ElectricTruck,49.38,2026-01-01 00:03:39.500000
ev1,0.0,euler,806.22,-E70,2609.01,ElectricTruck,49.38,2026-01-01 00:03:40
ev1,0.0,euler,806.22,-E70,2609.01,ElectricTruck,49.38,2026-01-01 00:03:40.500000
ev1,0.0,euler,806.22,-E70,2609.01,ElectricTruck,49.38,2026-01-01 00:03:41
ev1,0.0,euler,806.22,-E70,2609.01,ElectricTruck,49.38,2026-01-01 00:03:41.500000
ev1,0.0,euler,806.22,-E70,2609.01,ElectricTruck,49.38,2026-01-01 00:03:42
ev1,0.0,euler,806.22,-E70,2609.01,ElectricTruck,49.38,2026-01-01 00:03:42.500000
ev1,0.0,euler,806.22,-E70,2609.01,ElectricTruck,49.38,2026-01-01 00:03:43
ev1,0.0,euler,806.22,-E70,2609.01,ElectricTruck,49.38,2026-01-01 00:03:43.500000
ev1,0.0,euler,806.22,-E70,2609.01,ElectricTruck,49.38,2026-01-01 00:03:44
ev1,0.0,euler,806.22,-E70,2609.01,ElectricTruck,49.38,2026-01-01 00:03:44.500000
ev1,0.0,euler,806.22,-E70,2609.01,ElectricTruck,49.38,2026-01-01 00:03:45
ev1,0.0,euler,806.22,-E70,2609.01,ElectricTruck,49.38,2026-01-01 00:03:45.500000
ev1,0.0,euler,806.22,-E70,2609.01,ElectricTruck,49.38,2026-01-01 00:03:46
ev1,0.0,euler,806.22,-E70,2609.01,ElectricTruck,49.38,2026-01-01 00:03:46.500000
ev1,0.0,euler,806.22,-E70,2609.01,ElectricTruck,49.38,2026-01-01 00:03:47
ev1,0.0,euler,806.22,-E70,2609.01,ElectricTruck,49.38,2026-01-01 00:03:47.500000
ev1,0.0,euler,806.22,-E70,2609.01,ElectricTruck,49.38,2026-01-01 00:03:48
ev1,0.0,euler,806.22,-E70,2609.01,ElectricTruck,49.38,2026-01-01 00:03:48.500000
ev1,0.0,euler,806.22,-E70,2609.01,ElectricTruck,49.38,2026-01-01 00:03:49
ev1,0.0,euler,806.22,-E70,2609.01,ElectricTruck,49.38,2026-01-01 00:03:49.500000
ev1,0.0,euler,806.22,-E70,2609.01,ElectricTruck,49.38,2026-01-01 00:03:50
ev1,0.0,euler,806.22,-E70,2609.01,ElectricTruck,49.38,2026-01-01 00:03:50.500000
ev1,0.0,euler,806.22,-E70,2609.01,ElectricTruck,49.38,2026-01-01 00:03:51
ev1,0.0,euler,806.22,-E70,2609.01,ElectricTruck,49.38,2026-01-01 00:03:51.500000
ev1,0.0,euler,806.22,-E70,2609.01,ElectricTruck,49.38,2026-01-01 00:03:52
ev1,0.0,euler,806.22,-E70,2609.01,ElectricTruck,49.38,2026-01-01 00:03:52.500000
ev1,0.0,euler,806.22,-E70,2609.01,ElectricTruck,49.38,2026-01-01 00:03:53
ev1,0.0,euler,806.22,-E70,2609.01,ElectricTruck,49.38,2026-01-01 00:03:53.500000
ev1,0.0,euler,806.22,-E70,2609.01,ElectricTruck,49.38,2026-01-01 00:03:54
ev1,0.0,euler,806.22,-E70,2609.01,ElectricTruck,49.38,2026-01-01 00:03:54.500000
ev1,0.0,euler,806.22,-E70,2609.01,ElectricTruck,49.38,2026-01-01 00:03:55
ev1,0.0,euler,806.22,-E70,2609.01,ElectricTruck,49.38,2026-01-01 00:03:55.500000
ev1,0.0,euler,806.22,-E70,2609.01,ElectricTruck,49.38,2026-01-01 00:03:56
ev1,0.0,euler,806.22,-E70,2609.01,ElectricTruck,49.38,2026-01-01 00:03:56.500000
ev1,0.0,euler,806.22,-E70,2609.01,ElectricTruck,49.38,2026-01-01 00:03:57
ev1,0.0,euler,806.22,-E70,2609.01,ElectricTruck,49.38,2026-01-01 00:03:57.500000
ev1,0.0,euler,806.22,-E70,2609.01,ElectricTruck,49.38,2026-01-01 00:03:58
ev1,0.0,euler,806.22,-E70,2609.01,ElectricTruck,49.38,2026-01-01 00:03:58.500000
ev1,0.0,euler,806.22,-E70,2609.01,ElectricTruck,49.38,2026-01-01 00:03:59
ev1,0.0,euler,806.22,-E70,2609.01,ElectricTruck,49.38,2026-01-01 00:03:59.500000
ev1,0.0,euler,806.22,-E70,2609.01,ElectricTruck,49.38,2026-01-01 00:04:00
ev1,2.05,euler,806.5,-E70,2608.73,ElectricTruck,49.38,2026-01-01 00:04:00.500000
ev1,3.64,euler,807.01,-E70,2608.22,ElectricTruck,49.38,2026-01-01 00:04:01
ev1,5.54,:J7_11,807.01,-E70,2608.22,ElectricTruck,49.38,2026-01-01 00:04:01.500000
ev1,7.38,:J7_11,807.01,-E70,2608.22,ElectricTruck,49.38,2026-01-01 00:04:02
ev1,8.93,:J7_11,807.01,-E70,2608.22,ElectricTruck,49.36,2026-01-01 00:04:02.500000
ev1,10.48,:J7_11,807.01,-E70,2608.22,ElectricTruck,49.36,2026-01-01 00:04:03
ev1,11.77,:J7_11,807.01,-E70,2608.22,ElectricTruck,49.36,2026-01-01 00:04:03.500000
ev1,13.0,:J7_11,807.01,-E70,2608.22,ElectricTruck,49.36,2026-01-01 00:04:04
ev1,14.4,:J7_11,807.01,-E70,2608.22,ElectricTruck,49.35,2026-01-01 00:04:04.500000
ev1,16.2,:J7_11,807.01,-E70,2608.22,ElectricTruck,49.35,2026-01-01 00:04:05
ev1,18.4,:J7_11,807.01,-E70,2608.22,ElectricTruck,49.34,2026-01-01 00:04:05.500000
ev1,19.94,:J7_11,807.01,-E70,2608.22,ElectricTruck,49.34,2026-01-01 00:04:06
ev1,21.24,E5,827.47,-E70,2587.76,ElectricTruck,49.33,2026-01-01 00:04:06.500000
ev1,22.9,E5,830.65,-E70,2584.58,ElectricTruck,49.31,2026-01-01 00:04:07
ev1,24.41,E5,834.04,-E70,2581.19,ElectricTruck,49.31,2026-01-01 00:04:07.500000
ev1,26.71,E5,837.75,-E70,2577.48,ElectricTruck,49.3,2026-01-01 00:04:08
ev1,28.73,E5,841.74,-E70,2573.49,ElectricTruck,49.29,2026-01-01 00:04:08.500000
ev1,30.67,E5,846.0,-E70,2569.23,ElectricTruck,49.27,2026-01-01 00:04:09
ev1,31.93,E5,850.43,-E70,2564.8,ElectricTruck,49.26,2026-01-01 00:04:09.500000
ev1,33.91,E5,855.15,-E70,2560.08,ElectricTruck,49.25,2026-01-01 00:04:10
ev1,28.48,E5,859.1,-E70,2556.13,ElectricTruck,49.27,2026-01-01 00:04:10.500000
ev1,21.74,:J15_2,859.1,-E70,2556.13,ElectricTruck,49.3,2026-01-01 00:04:11
ev1,21.85,:J15_2,859.1,-E70,2556.13,ElectricTruck,49.3,2026-01-01 00:04:11.500000
ev1,21.53,-E93,868.15,-E70,2552.24,ElectricTruck,49.3,2026-01-01 00:04:12
ev1,23.22,-E93,871.37,-E70,2549.02,ElectricTruck,49.29,2026-01-01 00:04:12.500000
ev1,25.45,-E93,874.91,-E70,2545.48,ElectricTruck,49.26,2026-01-01 00:04:13
ev1,26.68,-E93,878.61,-E70,2541.78,ElectricTruck,49.26,2026-01-01 00:04:13.500000
ev1,28.62,-E93,882.59,-E70,2537.8,ElectricTruck,49.25,2026-01-01 00:04:14
ev1,30.46,-E93,886.82,-E70,2533.57,ElectricTruck,49.24,2026-01-01 00:04:14.500000
ev1,31.93,-E93,891.25,-E70,2529.14,ElectricTruck,49.23,2026-01-01 00:04:15
ev1,33.66,-E93,895.93,-E70,2524.46,ElectricTruck,49.23,2026-01-01 00:04:15.500000
ev1,35.21,-E93,900.82,-E70,2519.57,ElectricTruck,49.21,2026-01-01 00:04:16
ev1,37.19,:J22_17,900.82,-E70,2519.57,ElectricTruck,49.2,2026-01-01 00:04:16.500000
ev1,38.81,:J22_17,900.82,-E70,2519.57,ElectricTruck,49.19,2026-01-01 00:04:17
ev1,40.07,:J22_17,900.82,-E70,2519.57,ElectricTruck,49.18,2026-01-01 00:04:17.500000
ev1,40.61,E98,922.58,-E70,2497.81,ElectricTruck,49.16,2026-01-01 00:04:18
ev1,42.08,E98,928.42,-E70,2491.97,ElectricTruck,49.14,2026-01-01 00:04:18.500000
ev1,43.78,E98,934.51,-E70,2485.88,ElectricTruck,49.12,2026-01-01 00:04:19
ev1,45.58,E98,940.84,-E70,2479.55,ElectricTruck,49.11,2026-01-01 00:04:19.500000
ev1,47.52,E98,947.44,-E70,2472.95,ElectricTruck,49.09,2026-01-01 00:04:20
ev1,49.1,E98,954.25,-E70,2466.14,ElectricTruck,49.08,2026-01-01 00:04:20.500000
ev1,50.94,E98,961.33,-E70,2459.06,ElectricTruck,49.06,2026-01-01 00:04:21
ev1,50.04,E98,968.28,-E70,2452.11,ElectricTruck,49.06,2026-01-01 00:04:21.500000
ev1,50.9,E98,975.35,-E70,2445.04,ElectricTruck,49.05,2026-01-01 00:04:22
ev1,44.82,E98,981.57,-E70,2438.82,ElectricTruck,49.09,2026-01-01 00:04:22.500000
ev1,38.12,E98,986.87,-E70,2433.52,ElectricTruck,49.12,2026-01-01 00:04:23
ev1,31.14,E98,991.19,-E70,2429.2,ElectricTruck,49.16,2026-01-01 00:04:23.500000
ev1,23.94,E98,994.52,-E70,2425.87,ElectricTruck,49.19,2026-01-01 00:04:24
ev1,26.28,E98,998.17,-E70,2422.22,ElectricTruck,49.18,2026-01-01 00:04:24.500000
ev1,28.08,:J67_4,998.17,-E70,2422.22,ElectricTruck,49.16,2026-01-01 00:04:25
ev1,30.31,:J67_4,998.17,-E70,2422.22,ElectricTruck,49.15,2026-01-01 00:04:25.500000
ev1,32.15,:J67_4,998.17,-E70,2422.22,ElectricTruck,49.15,2026-01-01 00:04:26
ev1,33.77,:J67_4,998.17,-E70,2422.22,ElectricTruck,49.14,2026-01-01 00:04:26.500000
ev1,36.07,:J67_4,998.17,-E70,2422.22,ElectricTruck,49.12,2026-01-01 00:04:27
ev1,38.23,:J67_4,998.17,-E70,2422.22,ElectricTruck,49.1,2026-01-01 00:04:27.500000
ev1,40.18,E169,1031.34,-E70,2389.05,ElectricTruck,49.09,2026-01-01 00:04:28
ev1,41.58,E169,1037.11,-E70,2383.28,ElectricTruck,49.08,2026-01-01 00:04:28.500000
ev1,43.7,E169,1043.18,-E70,2377.21,ElectricTruck,49.06,2026-01-01 00:04:29
ev1,45.97,E169,1049.57,-E70,2370.82,ElectricTruck,49.04,2026-01-01 00:04:29.500000
ev1,47.38,E169,1056.15,-E70,2364.24,ElectricTruck,49.02,2026-01-01 00:04:30
ev1,48.64,E169,1062.9,-E70,2357.49,ElectricTruck,49.01,2026-01-01 00:04:30.500000
ev1,50.29,E169,1069.89,-E70,2350.5,ElectricTruck,49.0,2026-01-01 00:04:31
ev1,50.51,E169,1076.91,-E70,2343.48,ElectricTruck,49.0,2026-01-01 00:04:31.500000
ev1,50.54,E169,1083.92,-E70,2336.47,ElectricTruck,49.0,2026-01-01 00:04:32
ev1,50.98,E169,1091.0,-E70,2329.39,ElectricTruck,48.99,2026-01-01 00:04:32.500000
ev1,50.11,E169,1097.96,-E70,2322.43,ElectricTruck,49.0,2026-01-01 00:04:33
ev1,50.98,:J118_0,1097.96,-E70,2322.43,ElectricTruck,48.99,2026-01-01 00:04:33.500000
ev1,50.29,:J118_0,1097.96,-E70,2322.43,ElectricTruck,48.99,2026-01-01 00:04:34
ev1,46.84,:J118_0,1097.96,-E70,2322.43,ElectricTruck,49.0,2026-01-01 00:04:34.500000
ev1,40.46,E170,1124.15,-E70,2296.24,ElectricTruck,49.04,2026-01-01 00:04:35
ev1,33.48,E170,1128.8,-E70,2291.59,ElectricTruck,49.06,2026-01-01 00:04:35.500000
ev1,26.28,E170,1132.45,-E70,2287.94,ElectricTruck,49.1,2026-01-01 00:04:36
ev1,19.08,E170,1135.1,-E70,2285.29,ElectricTruck,49.11,2026-01-01 00:04:36.500000
ev1,11.88,E170,1136.75,-E70,2283.64,ElectricTruck,49.12,2026-01-01 00:04:37
ev1,5.04,E170,1137.45,-E70,2282.94,ElectricTruck,49.14,2026-01-01 00:04:37.500000
ev1,0.68,E170,1137.55,-E70,2282.84,ElectricTruck,49.14,2026-01-01 00:04:38
ev1,0.04,E170,1137.55,-E70,-1073741824.0,ElectricTruck,49.14,2026-01-01 00:04:38.500000
ev1,0.0,E170,1137.55,-E70,-1073741824.0,ElectricTruck,49.14,2026-01-01 00:04:39
ev1,0.0,E170,1137.55,-E70,-1073741824.0,ElectricTruck,49.14,2026-01-01 00:04:39.500000
ev1,0.0,E170,1137.55,-E70,-1073741824.0,ElectricTruck,49.14,2026-01-01 00:04:40
ev1,0.0,E170,1137.55,-E70,-1073741824.0,ElectricTruck,49.14,2026-01-01 00:04:40.500000
ev1,0.0,E170,1137.55,-E70,-1073741824.0,ElectricTruck,49.14,2026-01-01 00:04:41
ev1,0.0,E170,1137.55,-E70,-1073741824.0,ElectricTruck,49.14,2026-01-01 00:04:41.500000
ev1,0.0,E170,1137.55,-E70,-1073741824.0,ElectricTruck,49.14,2026-01-01 00:04:42
ev1,0.0,E170,1137.55,-E70,-1073741824.0,ElectricTruck,49.14,2026-01-01 00:04:42.500000
ev1,0.0,E170,1137.55,-E70,-1073741824.0,ElectricTruck,49.14,2026-01-01 00:04:43
ev1,0.0,E170,1137.55,-E70,-1073741824.0,ElectricTruck,49.14,2026-01-01 00:04:43.500000
ev1,0.0,E170,1137.55,-E70,-1073741824.0,ElectricTruck,49.14,2026-01-01 00:04:44
ev1,0.0,E170,1137.55,-E70,-1073741824.0,ElectricTruck,49.14,2026-01-01 00:04:44.500000
ev1,0.0,E170,1137.55,-E70,-1073741824.0,ElectricTruck,49.14,2026-01-01 00:04:45
ev1,0.0,E170,1137.55,-E70,-1073741824.0,ElectricTruck,49.14,2026-01-01 00:04:45.500000
ev1,0.0,E170,1137.55,-E70,-1073741824.0,ElectricTruck,49.14,2026-01-01 00:04:46
ev1,0.0,E170,1137.55,-E70,-1073741824.0,ElectricTruck,49.14,2026-01-01 00:04:46.500000
ev1,0.0,E170,1137.55,-E70,-1073741824.0,ElectricTruck,49.14,2026-01-01 00:04:47
ev1,0.0,E170,1137.55,-E70,-1073741824.0,ElectricTruck,49.14,2026-01-01 00:04:47.500000
ev1,0.0,E170,1137.55,-E70,-1073741824.0,ElectricTruck,49.14,2026-01-01 00:04:48
ev1,0.0,E170,1137.55,-E70,-1073741824.0,ElectricTruck,49.14,2026-01-01 00:04:48.500000
ev1,0.0,E170,1137.55,-E70,-1073741824.0,ElectricTruck,49.14,2026-01-01 00:04:49
ev1,0.0,E170,1137.55,-E70,-1073741824.0,ElectricTruck,49.14,2026-01-01 00:04:49.500000
ev1,0.0,E170,1137.55,-E70,-1073741824.0,ElectricTruck,49.14,2026-01-01 00:04:50
ev1,0.0,E170,1137.55,-E70,-1073741824.0,ElectricTruck,49.14,2026-01-01 00:04:50.500000
ev1,0.0,E170,1137.55,-E70,-1073741824.0,ElectricTruck,49.14,2026-01-01 00:04:51
ev1,0.0,E170,1137.55,-E70,-1073741824.0,ElectricTruck,49.14,2026-01-01 00:04:51.500000
ev1,0.0,E170,1137.55,-E70,-1073741824.0,ElectricTruck,49.14,2026-01-01 00:04:52
ev1,0.0,E170,1137.55,-E70,-1073741824.0,ElectricTruck,49.14,2026-01-01 00:04:52.500000
ev1,0.0,E170,1137.55,-E70,-1073741824.0,ElectricTruck,49.14,2026-01-01 00:04:53
ev1,0.0,E170,1137.55,-E70,-1073741824.0,ElectricTruck,49.14,2026-01-01 00:04:53.500000
ev1,0.0,E170,1137.55,-E70,-1073741824.0,ElectricTruck,49.14,2026-01-01 00:04:54
ev1,0.0,E170,1137.55,-E70,-1073741824.0,ElectricTruck,49.14,2026-01-01 00:04:54.500000
ev1,0.0,E170,1137.55,-E70,-1073741824.0,ElectricTruck,49.14,2026-01-01 00:04:55
ev1,0.0,E170,1137.55,-E70,-1073741824.0,ElectricTruck,49.14,2026-01-01 00:04:55.500000
ev1,0.0,E170,1137.55,-E70,-1073741824.0,ElectricTruck,49.14,2026-01-01 00:04:56
ev1,0.0,E170,1137.55,-E70,-1073741824.0,ElectricTruck,49.14,2026-01-01 00:04:56.500000
ev1,0.0,E170,1137.55,-E70,-1073741824.0,ElectricTruck,49.14,2026-01-01 00:04:57
ev1,0.0,E170,1137.55,-E70,-1073741824.0,ElectricTruck,49.14,2026-01-01 00:04:57.500000
ev1,0.0,E170,1137.55,-E70,-1073741824.0,ElectricTruck,49.14,2026-01-01 00:04:58
ev1,0.0,E170,1137.55,-E70,-1073741824.0,ElectricTruck,49.14,2026-01-01 00:04:58.500000
ev1,0.0,E170,1137.55,-E70,-1073741824.0,ElectricTruck,49.14,2026-01-01 00:04:59
ev1,0.0,E170,1137.55,-E70,-1073741824.0,ElectricTruck,49.14,2026-01-01 00:04:59.500000
ev1,0.0,E170,1137.55,-E70,-1073741824.0,ElectricTruck,49.14,2026-01-01 00:05:00
ev1,0.0,E170,1137.55,-E70,-1073741824.0,ElectricTruck,49.14,2026-01-01 00:05:00.500000
ev1,0.0,E170,1137.55,-E70,-1073741824.0,ElectricTruck,49.14,2026-01-01 00:05:01
ev1,0.0,E170,1137.55,-E70,-1073741824.0,ElectricTruck,49.14,2026-01-01 00:05:01.500000
ev1,0.0,E170,1137.55,-E70,-1073741824.0,ElectricTruck,49.14,2026-01-01 00:05:02
ev1,0.0,E170,1137.55,-E70,-1073741824.0,ElectricTruck,49.14,2026-01-01 00:05:02.500000
ev1,0.0,E170,1137.55,-E70,-1073741824.0,ElectricTruck,49.14,2026-01-01 00:05:03
ev1,0.0,E170,1137.55,-E70,-1073741824.0,ElectricTruck,49.14,2026-01-01 00:05:03.500000
ev1,0.0,E170,1137.55,-E70,-1073741824.0,ElectricTruck,49.14,2026-01-01 00:05:04
ev1,0.0,E170,1137.55,-E70,-1073741824.0,ElectricTruck,49.14,2026-01-01 00:05:04.500000
ev1,0.0,E170,1137.55,-E70,-1073741824.0,ElectricTruck,49.14,2026-01-01 00:05:05
ev1,0.0,E170,1137.55,-E70,-1073741824.0,ElectricTruck,49.14,2026-01-01 00:05:05.500000
ev1,0.0,E170,1137.55,-E70,-1073741824.0,ElectricTruck,49.14,2026-01-01 00:05:06
ev1,0.0,E170,1137.55,-E70,-1073741824.0,ElectricTruck,49.14,2026-01-01 00:05:06.500000
ev1,0.0,E170,1137.55,-E70,-1073741824.0,ElectricTruck,49.14,2026-01-01 00:05:07
ev1,0.0,E170,1137.55,-E70,-1073741824.0,ElectricTruck,49.14,2026-01-01 00:05:07.500000
ev1,0.0,E170,1137.55,-E70,-1073741824.0,ElectricTruck,49.14,2026-01-01 00:05:08
ev1,0.0,E170,1137.55,-E70,-1073741824.0,ElectricTruck,49.14,2026-01-01 00:05:08.500000
ev1,0.0,E170,1137.55,-E70,-1073741824.0,ElectricTruck,49.14,2026-01-01 00:05:09
ev1,0.0,E170,1137.55,-E70,-1073741824.0,ElectricTruck,49.14,2026-01-01 00:05:09.500000
ev1,0.0,E170,1137.55,-E70,-1073741824.0,ElectricTruck,49.14,2026-01-01 00:05:10
ev1,0.0,E170,1137.55,-E70,-1073741824.0,ElectricTruck,49.14,2026-01-01 00:05:10.500000
ev1,0.0,E170,1137.55,-E70,-1073741824.0,ElectricTruck,49.14,2026-01-01 00:05:11
ev1,0.0,E170,1137.55,-E70,-1073741824.0,ElectricTruck,49.14,2026-01-01 00:05:11.500000
ev1,0.0,E170,1137.55,-E70,-1073741824.0,ElectricTruck,49.14,2026-01-01 00:05:12
ev1,0.0,E170,1137.55,-E70,-1073741824.0,ElectricTruck,49.14,2026-01-01 00:05:12.500000
ev1,0.0,E170,1137.55,-E70,-1073741824.0,ElectricTruck,49.14,2026-01-01 00:05:13
ev1,0.0,E170,1137.55,-E70,-1073741824.0,ElectricTruck,49.14,2026-01-01 00:05:13.500000
ev1,0.0,E170,1137.55,-E70,-1073741824.0,ElectricTruck,49.14,2026-01-01 00:05:14
ev1,0.0,E170,1137.55,-E70,-1073741824.0,ElectricTruck,49.14,2026-01-01 00:05:14.500000
ev1,0.0,E170,1137.55,-E70,-1073741824.0,ElectricTruck,49.14,2026-01-01 00:05:15
ev1,0.0,E170,1137.55,-E70,-1073741824.0,ElectricTruck,49.14,2026-01-01 00:05:15.500000
ev1,0.0,E170,1137.55,-E70,-1073741824.0,ElectricTruck,49.14,2026-01-01 00:05:16
ev1,0.0,E170,1137.55,-E70,-1073741824.0,ElectricTruck,49.14,2026-01-01 00:05:16.500000
ev1,0.0,E170,1137.55,-E70,-1073741824.0,ElectricTruck,49.14,2026-01-01 00:05:17
ev1,0.0,E170,1137.55,-E70,-1073741824.0,ElectricTruck,49.14,2026-01-01 00:05:17.500000
ev1,0.0,E170,1137.55,-E70,-1073741824.0,ElectricTruck,49.14,2026-01-01 00:05:18
ev1,0.0,E170,1137.55,-E70,-1073741824.0,ElectricTruck,49.14,2026-01-01 00:05:18.500000
ev1,0.0,E170,1137.55,-E70,-1073741824.0,ElectricTruck,49.14,2026-01-01 00:05:19
ev1,0.0,E170,1137.55,-E70,-1073741824.0,ElectricTruck,49.14,2026-01-01 00:05:19.500000
ev1,0.0,E170,1137.55,-E70,-1073741824.0,ElectricTruck,49.14,2026-01-01 00:05:20
ev1,0.0,E170,1137.55,-E70,-1073741824.0,ElectricTruck,49.14,2026-01-01 00:05:20.500000
ev1,0.0,E170,1137.55,-E70,-1073741824.0,ElectricTruck,49.14,2026-01-01 00:05:21
ev1,0.0,E170,1137.55,-E70,-1073741824.0,ElectricTruck,49.14,2026-01-01 00:05:21.500000
ev1,0.0,E170,1137.55,-E70,-1073741824.0,ElectricTruck,49.14,2026-01-01 00:05:22
ev1,0.0,E170,1137.55,-E70,-1073741824.0,ElectricTruck,49.14,2026-01-01 00:05:22.500000
ev1,0.0,E170,1137.55,-E70,-1073741824.0,ElectricTruck,49.14,2026-01-01 00:05:23
ev1,0.0,E170,1137.55,-E70,-1073741824.0,ElectricTruck,49.14,2026-01-01 00:05:23.500000
ev1,0.0,E170,1137.55,-E70,-1073741824.0,ElectricTruck,49.14,2026-01-01 00:05:24
ev1,0.0,E170,1137.55,-E70,-1073741824.0,ElectricTruck,49.14,2026-01-01 00:05:24.500000
ev1,0.0,E170,1137.55,-E70,-1073741824.0,ElectricTruck,49.14,2026-01-01 00:05:25
ev1,0.0,E170,1137.55,-E70,-1073741824.0,ElectricTruck,49.14,2026-01-01 00:05:25.500000
ev1,0.0,E170,1137.55,-E70,-1073741824.0,ElectricTruck,49.14,2026-01-01 00:05:26
ev1,0.0,E170,1137.55,-E70,-1073741824.0,ElectricTruck,49.14,2026-01-01 00:05:26.500000
ev1,0.0,E170,1137.55,-E70,-1073741824.0,ElectricTruck,49.14,2026-01-01 00:05:27
ev1,0.0,E170,1137.55,-E70,-1073741824.0,ElectricTruck,49.14,2026-01-01 00:05:27.500000
ev1,0.0,E170,1137.55,-E70,-1073741824.0,ElectricTruck,49.14,2026-01-01 00:05:28
ev1,0.0,E170,1137.55,-E70,-1073741824.0,ElectricTruck,49.14,2026-01-01 00:05:28.500000
ev1,0.0,E170,1137.55,-E70,-1073741824.0,ElectricTruck,49.14,2026-01-01 00:05:29
ev1,0.0,E170,1137.55,-E70,-1073741824.0,ElectricTruck,49.14,2026-01-01 00:05:29.500000
ev1,0.0,E170,1137.55,-E70,-1073741824.0,ElectricTruck,49.14,2026-01-01 00:05:30
ev1,0.0,E170,1137.55,-E70,-1073741824.0,ElectricTruck,49.14,2026-01-01 00:05:30.500000
ev1,0.0,E170,1137.55,-E70,-1073741824.0,ElectricTruck,49.14,2026-01-01 00:05:31
ev1,0.0,E170,1137.55,-E70,-1073741824.0,ElectricTruck,49.14,2026-01-01 00:05:31.500000
ev1,0.0,E170,1137.55,-E70,-1073741824.0,ElectricTruck,49.14,2026-01-01 00:05:32
ev1,0.0,E170,1137.55,-E70,-1073741824.0,ElectricTruck,49.14,2026-01-01 00:05:32.500000
ev1,0.0,E170,1137.55,-E70,-1073741824.0,ElectricTruck,49.14,2026-01-01 00:05:33
ev1,0.0,E170,1137.55,-E70,-1073741824.0,ElectricTruck,49.14,2026-01-01 00:05:33.500000
ev1,0.0,E170,1137.55,-E70,-1073741824.0,ElectricTruck,49.14,2026-01-01 00:05:34
ev1,0.0,E170,1137.55,-E70,-1073741824.0,ElectricTruck,49.14,2026-01-01 00:05:34.500000
ev1,0.0,E170,1137.55,-E70,-1073741824.0,ElectricTruck,49.14,2026-01-01 00:05:35
ev1,0.0,E170,1137.55,-E70,-1073741824.0,ElectricTruck,49.14,2026-01-01 00:05:35.500000
ev1,0.0,E170,1137.55,-E70,-1073741824.0,ElectricTruck,49.14,2026-01-01 00:05:36
ev1,0.0,E170,1137.55,-E70,-1073741824.0,ElectricTruck,49.14,2026-01-01 00:05:36.500000
ev1,0.0,E170,1137.55,-E70,-1073741824.0,ElectricTruck,49.14,2026-01-01 00:05:37
ev1,0.0,E170,1137.55,-E70,-1073741824.0,ElectricTruck,49.14,2026-01-01 00:05:37.500000
ev1,0.0,E170,1137.55,-E70,-1073741824.0,ElectricTruck,49.14,2026-01-01 00:05:38
ev1,0.0,E170,1137.55,-E70,-1073741824.0,ElectricTruck,49.14,2026-01-01 00:05:38.500000
ev1,0.0,E170,1137.55,-E70,-1073741824.0,ElectricTruck,49.14,2026-01-01 00:05:39
ev1,0.0,E170,1137.55,-E70,-1073741824.0,ElectricTruck,49.14,2026-01-01 00:05:39.500000
ev1,0.0,E170,1137.55,-E70,-1073741824.0,ElectricTruck,49.14,2026-01-01 00:05:40
ev1,0.0,E170,1137.55,-E70,-1073741824.0,ElectricTruck,49.14,2026-01-01 00:05:40.500000
ev1,0.0,E170,1137.55,-E70,-1073741824.0,ElectricTruck,49.14,2026-01-01 00:05:41
ev1,0.0,E170,1137.55,-E70,-1073741824.0,ElectricTruck,49.14,2026-01-01 00:05:41.500000
ev1,0.0,E170,1137.55,-E70,-1073741824.0,ElectricTruck,49.14,2026-01-01 00:05:42
ev1,0.0,E170,1137.55,-E70,-1073741824.0,ElectricTruck,49.14,2026-01-01 00:05:42.500000
ev1,0.0,E170,1137.55,-E70,-1073741824.0,ElectricTruck,49.14,2026-01-01 00:05:43
ev1,0.0,E170,1137.55,-E70,-1073741824.0,ElectricTruck,49.14,2026-01-01 00:05:43.500000
ev1,0.0,E170,1137.55,-E70,-1073741824.0,ElectricTruck,49.14,2026-01-01 00:05:44
ev1,0.0,E170,1137.55,-E70,-1073741824.0,ElectricTruck,49.14,2026-01-01 00:05:44.500000
ev1,0.0,E170,1137.55,-E70,-1073741824.0,ElectricTruck,49.14,2026-01-01 00:05:45
ev1,0.0,E170,1137.55,-E70,-1073741824.0,ElectricTruck,49.14,2026-01-01 00:05:45.500000
ev1,0.0,E170,1137.55,-E70,-1073741824.0,ElectricTruck,49.14,2026-01-01 00:05:46
ev1,0.0,E170,1137.55,-E70,-1073741824.0,ElectricTruck,49.14,2026-01-01 00:05:46.500000
ev1,0.0,E170,1137.55,-E70,-1073741824.0,ElectricTruck,49.14,2026-01-01 00:05:47
ev1,0.0,E170,1137.55,-E70,-1073741824.0,ElectricTruck,49.14,2026-01-01 00:05:47.500000
ev1,0.0,E170,1137.55,-E70,-1073741824.0,ElectricTruck,49.14,2026-01-01 00:05:48
ev1,0.0,E170,1137.55,-E70,-1073741824.0,ElectricTruck,49.14,2026-01-01 00:05:48.500000
ev1,0.0,E170,1137.55,-E70,-1073741824.0,ElectricTruck,49.14,2026-01-01 00:05:49
ev1,0.0,E170,1137.55,-E70,-1073741824.0,ElectricTruck,49.14,2026-01-01 00:05:49.500000
ev1,0.0,E170,1137.55,-E70,-1073741824.0,ElectricTruck,49.14,2026-01-01 00:05:50
ev1,0.0,E170,1137.55,-E70,-1073741824.0,ElectricTruck,49.14,2026-01-01 00:05:50.500000
ev1,0.0,E170,1137.55,-E70,-1073741824.0,ElectricTruck,49.14,2026-01-01 00:05:51
ev1,0.0,E170,1137.55,-E70,-1073741824.0,ElectricTruck,49.14,2026-01-01 00:05:51.500000
ev1,0.0,E170,1137.55,-E70,-1073741824.0,ElectricTruck,49.14,2026-01-01 00:05:52
ev1,0.0,E170,1137.55,-E70,-1073741824.0,ElectricTruck,49.14,2026-01-01 00:05:52.500000
ev1,0.0,E170,1137.55,-E70,-1073741824.0,ElectricTruck,49.14,2026-01-01 00:05:53
ev1,0.0,E170,1137.55,-E70,-1073741824.0,ElectricTruck,49.14,2026-01-01 00:05:53.500000
ev1,0.0,E170,1137.55,-E70,-1073741824.0,ElectricTruck,49.14,2026-01-01 00:05:54
ev1,0.0,E170,1137.55,-E70,-1073741824.0,ElectricTruck,49.14,2026-01-01 00:05:54.500000
ev1,0.0,E170,1137.55,-E70,-1073741824.0,ElectricTruck,49.14,2026-01-01 00:05:55
ev1,0.0,E170,1137.55,-E70,-1073741824.0,ElectricTruck,49.14,2026-01-01 00:05:55.500000
ev1,0.0,E170,1137.55,-E70,-1073741824.0,ElectricTruck,49.14,2026-01-01 00:05:56
ev1,0.0,E170,1137.55,-E70,-1073741824.0,ElectricTruck,49.14,2026-01-01 00:05:56.500000
ev1,0.0,E170,1137.55,-E70,-1073741824.0,ElectricTruck,49.14,2026-01-01 00:05:57
ev1,0.0,E170,1137.55,-E70,-1073741824.0,ElectricTruck,49.14,2026-01-01 00:05:57.500000
ev1,0.0,E170,1137.55,-E70,-1073741824.0,ElectricTruck,49.14,2026-01-01 00:05:58
ev1,0.0,E170,1137.55,-E70,-1073741824.0,ElectricTruck,49.14,2026-01-01 00:05:58.500000
ev1,0.0,E170,1137.55,-E70,-1073741824.0,ElectricTruck,49.14,2026-01-01 00:05:59
ev1,0.0,E170,1137.55,-E70,-1073741824.0,ElectricTruck,49.14,2026-01-01 00:05:59.500000
ev1,0.0,E170,1137.55,-E70,-1073741824.0,ElectricTruck,49.14,2026-01-01 00:06:00
ev1,0.0,E170,1137.55,-E70,-1073741824.0,ElectricTruck,49.14,2026-01-01 00:06:00.500000
ev1,0.0,E170,1137.55,-E70,-1073741824.0,ElectricTruck,49.14,2026-01-01 00:06:01
ev1,0.0,E170,1137.55,-E70,-1073741824.0,ElectricTruck,49.14,2026-01-01 00:06:01.500000
ev1,0.0,E170,1137.55,-E70,-1073741824.0,ElectricTruck,49.14,2026-01-01 00:06:02
ev1,0.0,E170,1137.55,-E70,-1073741824.0,ElectricTruck,49.14,2026-01-01 00:06:02.500000
ev1,0.0,E170,1137.55,-E70,-1073741824.0,ElectricTruck,49.14,2026-01-01 00:06:03
ev1,0.0,E170,1137.55,-E70,-1073741824.0,ElectricTruck,49.14,2026-01-01 00:06:03.500000
ev1,0.0,E170,1137.55,-E70,-1073741824.0,ElectricTruck,49.14,2026-01-01 00:06:04
ev1,0.0,E170,1137.55,-E70,-1073741824.0,ElectricTruck,49.14,2026-01-01 00:06:04.500000
ev1,0.0,E170,1137.55,-E70,-1073741824.0,ElectricTruck,49.14,2026-01-01 00:06:05
ev1,0.0,E170,1137.55,-E70,-1073741824.0,ElectricTruck,49.14,2026-01-01 00:06:05.500000
ev1,0.0,E170,1137.55,-E70,-1073741824.0,ElectricTruck,49.14,2026-01-01 00:06:06
ev1,0.0,E170,1137.55,-E70,-1073741824.0,ElectricTruck,49.14,2026-01-01 00:06:06.500000
ev1,0.0,E170,1137.55,-E70,-1073741824.0,ElectricTruck,49.14,2026-01-01 00:06:07
ev1,0.0,E170,1137.55,-E70,-1073741824.0,ElectricTruck,49.14,2026-01-01 00:06:07.500000
ev1,0.0,E170,1137.55,-E70,2282.84,ElectricTruck,49.14,2026-01-01 00:06:08
ev1,1.98,E170,1137.83,-E70,2282.56,ElectricTruck,49.14,2026-01-01 00:06:08.500000
ev1,4.18,E170,1138.41,-E70,2281.98,ElectricTruck,49.14,2026-01-01 00:06:09
ev1,5.69,E170,1139.2,-E70,2281.19,ElectricTruck,49.14,2026-01-01 00:06:09.500000
ev1,7.27,E170,1140.2,-E70,2280.19,ElectricTruck,49.14,2026-01-01 00:06:10
ev1,9.58,E170,1141.53,-E70,2278.86,ElectricTruck,49.14,2026-01-01 00:06:10.500000
ev1,11.84,E170,1143.18,-E70,2277.21,ElectricTruck,49.12,2026-01-01 00:06:11
ev1,13.07,E170,1144.99,-E70,2275.4,ElectricTruck,49.12,2026-01-01 00:06:11.500000
ev1,14.54,E170,1147.02,-E70,2273.37,ElectricTruck,49.12,2026-01-01 00:06:12
ev1,15.91,E170,1149.23,-E70,2271.16,ElectricTruck,49.11,2026-01-01 00:06:12.500000
ev1,17.17,E170,1151.61,-E70,2268.78,ElectricTruck,49.11,2026-01-01 00:06:13
ev1,19.26,E170,1154.29,-E70,2266.1,ElectricTruck,49.11,2026-01-01 00:06:13.500000
ev1,21.6,E170,1157.28,-E70,2263.11,ElectricTruck,49.1,2026-01-01 00:06:14
ev1,23.72,E170,1160.58,-E70,2259.81,ElectricTruck,49.09,2026-01-01 00:06:14.500000
ev1,24.91,E170,1164.04,-E70,2256.35,ElectricTruck,49.09,2026-01-01 00:06:15
ev1,27.04,E170,1167.79,-E70,2252.6,ElectricTruck,49.08,2026-01-01 00:06:15.500000
ev1,28.66,E170,1171.77,-E70,2248.62,ElectricTruck,49.06,2026-01-01 00:06:16
ev1,30.64,E170,1176.02,-E70,2244.37,ElectricTruck,49.05,2026-01-01 00:06:16.500000
ev1,25.09,:J119_1,1176.02,-E70,2244.37,ElectricTruck,49.08,2026-01-01 00:06:17
ev1,18.83,:J119_1,1176.02,-E70,2244.37,ElectricTruck,49.09,2026-01-01 00:06:17.500000
ev1,20.02,:J119_6,1176.02,-E70,2244.37,ElectricTruck,49.09,2026-01-01 00:06:18
ev1,21.64,:J119_6,1176.02,-E70,2244.37,ElectricTruck,49.08,2026-01-01 00:06:18.500000
ev1,23.51,:J119_6,1176.02,-E70,2244.37,ElectricTruck,49.08,2026-01-01 00:06:19
ev1,25.06,:J119_6,1176.02,-E70,2244.37,ElectricTruck,49.05,2026-01-01 00:06:19.500000
ev1,26.6,-E179,1198.34,-E70,2222.05,ElectricTruck,49.04,2026-01-01 00:06:20
ev1,28.87,-E179,1202.35,-E70,2218.04,ElectricTruck,49.02,2026-01-01 00:06:20.500000
ev1,30.78,-E179,1206.63,-E70,2213.76,ElectricTruck,49.01,2026-01-01 00:06:21
ev1,32.8,-E179,1211.18,-E70,2209.21,ElectricTruck,49.0,2026-01-01 00:06:21.500000
ev1,34.24,-E179,1215.94,-E70,2204.45,ElectricTruck,48.99,2026-01-01 00:06:22
ev1,36.58,-E179,1221.02,-E70,2199.37,ElectricTruck,48.98,2026-01-01 00:06:22.500000
ev1,38.23,-E179,1226.33,-E70,2194.06,ElectricTruck,48.96,2026-01-01 00:06:23
ev1,40.07,-E179,1231.89,-E70,2188.5,ElectricTruck,48.95,2026-01-01 00:06:23.500000
ev1,41.9,-E179,1237.71,-E70,2182.68,ElectricTruck,48.94,2026-01-01 00:06:24
ev1,43.2,:J125_10,1237.71,-E70,2182.68,ElectricTruck,48.92,2026-01-01 00:06:24.500000
ev1,45.32,:J125_10,1237.71,-E70,2182.68,ElectricTruck,48.91,2026-01-01 00:06:25
ev1,46.48,:J125_10,1237.71,-E70,2182.68,ElectricTruck,48.9,2026-01-01 00:06:25.500000
ev1,48.6,E181,1263.21,-E70,2157.18,ElectricTruck,48.88,2026-01-01 00:06:26
ev1,50.22,E181,1270.19,-E70,2150.2,ElectricTruck,48.86,2026-01-01 00:06:26.500000
ev1,50.65,E181,1277.22,-E70,2143.17,ElectricTruck,48.86,2026-01-01 00:06:27
ev1,47.84,E181,1283.87,-E70,2136.52,ElectricTruck,48.88,2026-01-01 00:06:27.500000
ev1,40.64,E181,1289.51,-E70,2130.88,ElectricTruck,48.91,2026-01-01 00:06:28
ev1,33.44,E181,1294.15,-E70,2126.24,ElectricTruck,48.95,2026-01-01 00:06:28.500000
ev1,26.32,E181,1297.81,-E70,2122.58,ElectricTruck,48.98,2026-01-01 00:06:29
ev1,19.12,E181,1300.46,-E70,2119.93,ElectricTruck,49.0,2026-01-01 00:06:29.500000
ev1,20.92,:J122_5,1300.46,-E70,2119.93,ElectricTruck,49.0,2026-01-01 00:06:30
ev1,22.79,:J122_5,1300.46,-E70,2119.93,ElectricTruck,48.99,2026-01-01 00:06:30.500000
ev1,24.3,:J122_5,1300.46,-E70,2119.93,ElectricTruck,48.98,2026-01-01 00:06:31
ev1,25.88,:J122_5,1300.46,-E70,2119.93,ElectricTruck,48.98,2026-01-01 00:06:31.500000
ev1,27.18,:J122_5,1300.46,-E70,2119.93,ElectricTruck,48.96,2026-01-01 00:06:32
ev1,29.2,E174,1321.32,-E70,2099.07,ElectricTruck,48.95,2026-01-01 00:06:32.500000
ev1,31.18,E174,1325.66,-E70,2094.73,ElectricTruck,48.92,2026-01-01 00:06:33
ev1,32.65,E174,1330.19,-E70,2090.2,ElectricTruck,48.91,2026-01-01 00:06:33.500000
ev1,34.92,E174,1335.04,-E70,2085.35,ElectricTruck,48.9,2026-01-01 00:06:34
ev1,36.25,E174,1340.08,-E70,2080.31,ElectricTruck,48.89,2026-01-01 00:06:34.500000
ev1,37.51,E174,1345.29,-E70,2075.1,ElectricTruck,48.89,2026-01-01 00:06:35
ev1,39.49,E174,1350.77,-E70,2069.62,ElectricTruck,48.88,2026-01-01 00:06:35.500000
ev1,40.75,E174,1356.43,-E70,2063.96,ElectricTruck,48.86,2026-01-01 00:06:36
ev1,42.98,E174,1362.4,-E70,2057.99,ElectricTruck,48.84,2026-01-01 00:06:36.500000
ev1,45.14,E174,1368.67,-E70,2051.72,ElectricTruck,48.83,2026-01-01 00:06:37
ev1,46.55,E174,1375.13,-E70,2045.26,ElectricTruck,48.81,2026-01-01 00:06:37.500000
ev1,48.1,E174,1381.81,-E70,2038.58,ElectricTruck,48.8,2026-01-01 00:06:38
ev1,49.97,E174,1388.75,-E70,2031.64,ElectricTruck,48.79,2026-01-01 00:06:38.500000
ev1,50.87,:J67_7,1388.75,-E70,2031.64,ElectricTruck,48.78,2026-01-01 00:06:39
ev1,50.54,:J67_7,1388.75,-E70,2031.64,ElectricTruck,48.76,2026-01-01 00:06:39.500000
ev1,50.18,:J67_7,1388.75,-E70,2031.64,ElectricTruck,48.76,2026-01-01 00:06:40
ev1,50.47,:J67_7,1388.75,-E70,2031.64,ElectricTruck,48.76,2026-01-01 00:06:40.500000
ev1,50.29,E99,1423.8,-E70,1996.59,ElectricTruck,48.75,2026-01-01 00:06:41
ev1,50.65,E99,1430.84,-E70,1989.55,ElectricTruck,48.75,2026-01-01 00:06:41.500000
ev1,50.18,E99,1437.81,-E70,1982.58,ElectricTruck,48.75,2026-01-01 00:06:42
ev1,50.58,E99,1444.83,-E70,1975.56,ElectricTruck,48.75,2026-01-01 00:06:42.500000
ev1,50.76,E99,1451.88,-E70,1968.51,ElectricTruck,48.74,2026-01-01 00:06:43
ev1,50.0,E99,1458.83,-E70,1961.56,ElectricTruck,48.75,2026-01-01 00:06:43.500000
ev1,50.9,E99,1465.9,-E70,1954.49,ElectricTruck,48.74,2026-01-01 00:06:44
ev1,50.76,E99,1472.95,-E70,1947.44,ElectricTruck,48.74,2026-01-01 00:06:44.500000
ev1,50.69,E99,1479.99,-E70,1940.4,ElectricTruck,48.74,2026-01-01 00:06:45
ev1,50.72,E99,1487.03,-E70,1933.36,ElectricTruck,48.72,2026-01-01 00:06:45.500000
ev1,51.01,E99,1494.11,-E70,1926.28,ElectricTruck,48.72,2026-01-01 00:06:46
ev1,50.98,E99,1501.19,-E70,1919.2,ElectricTruck,48.72,2026-01-01 00:06:46.500000
ev1,50.0,E99,1508.14,-E70,1912.25,ElectricTruck,48.72,2026-01-01 00:06:47
ev1,50.76,E99,1515.19,-E70,1905.2,ElectricTruck,48.72,2026-01-01 00:06:47.500000
ev1,50.83,E99,1522.25,-E70,1898.14,ElectricTruck,48.71,2026-01-01 00:06:48
ev1,50.0,E99,1529.2,-E70,1891.19,ElectricTruck,48.72,2026-01-01 00:06:48.500000
ev1,49.9,E99,1536.13,-E70,1884.26,ElectricTruck,48.71,2026-01-01 00:06:49
ev1,50.08,E99,1543.08,-E70,1877.31,ElectricTruck,48.71,2026-01-01 00:06:49.500000
ev1,50.87,E99,1550.15,-E70,1870.24,ElectricTruck,48.71,2026-01-01 00:06:50
ev1,50.33,E99,1557.14,-E70,1863.25,ElectricTruck,48.71,2026-01-01 00:06:50.500000
ev1,50.11,E99,1564.1,-E70,1856.29,ElectricTruck,48.71,2026-01-01 00:06:51
ev1,49.9,E99,1571.03,-E70,1849.36,ElectricTruck,48.71,2026-01-01 00:06:51.500000
ev1,49.93,E99,1577.97,-E70,1842.42,ElectricTruck,48.7,2026-01-01 00:06:52
ev1,49.97,E99,1584.91,-E70,1835.48,ElectricTruck,48.7,2026-01-01 00:06:52.500000
ev1,50.36,E99,1591.9,-E70,1828.49,ElectricTruck,48.7,2026-01-01 00:06:53
ev1,50.08,E99,1598.85,-E70,1821.54,ElectricTruck,48.7,2026-01-01 00:06:53.500000
ev1,50.26,E99,1605.83,-E70,1814.56,ElectricTruck,48.69,2026-01-01 00:06:54
ev1,50.0,E99,1612.78,-E70,1807.61,ElectricTruck,48.7,2026-01-01 00:06:54.500000
ev1,51.05,E99,1619.87,-E70,1800.52,ElectricTruck,48.69,2026-01-01 00:06:55
ev1,50.29,E99,1626.85,-E70,1793.54,ElectricTruck,48.69,2026-01-01 00:06:55.500000
ev1,49.93,E99,1633.79,-E70,1786.6,ElectricTruck,48.69,2026-01-01 00:06:56
ev1,50.62,E99,1640.82,-E70,1779.57,ElectricTruck,48.67,2026-01-01 00:06:56.500000
ev1,50.18,E99,1647.79,-E70,1772.6,ElectricTruck,48.67,2026-01-01 00:06:57
ev1,50.4,E99,1654.78,-E70,1765.61,ElectricTruck,48.67,2026-01-01 00:06:57.500000
ev1,49.97,E99,1661.73,-E70,1758.66,ElectricTruck,48.67,2026-01-01 00:06:58
ev1,50.62,E99,1668.76,-E70,1751.63,ElectricTruck,48.67,2026-01-01 00:06:58.500000
ev1,50.0,:J66_18,1668.76,-E70,1751.63,ElectricTruck,48.67,2026-01-01 00:06:59
ev1,50.08,:J66_18,1668.76,-E70,1751.63,ElectricTruck,48.67,2026-01-01 00:06:59.500000
ev1,50.98,:J66_18,1668.76,-E70,1751.63,ElectricTruck,48.66,2026-01-01 00:07:00
ev1,50.29,:J66_18,1668.76,-E70,1751.63,ElectricTruck,48.66,2026-01-01 00:07:00.500000
ev1,51.01,:J66_18,1668.76,-E70,1751.63,ElectricTruck,48.65,2026-01-01 00:07:01
ev1,50.44,E192,1710.81,-E70,1709.58,ElectricTruck,48.66,2026-01-01 00:07:01.500000
ev1,50.9,E192,1717.88,-E70,1702.51,ElectricTruck,48.65,2026-01-01 00:07:02
ev1,50.94,E192,1724.95,-E70,1695.44,ElectricTruck,48.65,2026-01-01 00:07:02.500000
ev1,50.44,E192,1731.96,-E70,1688.43,ElectricTruck,48.65,2026-01-01 00:07:03
ev1,50.36,E192,1738.95,-E70,1681.44,ElectricTruck,48.65,2026-01-01 00:07:03.500000
ev1,50.98,:J132_10,1738.95,-E70,1681.44,ElectricTruck,48.64,2026-01-01 00:07:04
ev1,50.26,:J132_10,1738.95,-E70,1681.44,ElectricTruck,48.65,2026-01-01 00:07:04.500000
ev1,50.76,-E196,1760.06,-E70,1660.33,ElectricTruck,48.64,2026-01-01 00:07:05
ev1,50.11,-E196,1767.02,-E70,1653.37,ElectricTruck,48.64,2026-01-01 00:07:05.500000
ev1,50.04,-E196,1773.97,-E70,1646.42,ElectricTruck,48.64,2026-01-01 00:07:06
ev1,50.87,-E196,1781.04,-E70,1639.35,ElectricTruck,48.62,2026-01-01 00:07:06.500000
ev1,50.98,-E196,1788.12,-E70,1632.27,ElectricTruck,48.62,2026-01-01 00:07:07
ev1,50.04,:J135_10,1788.12,-E70,1632.27,ElectricTruck,48.62,2026-01-01 00:07:07.500000
ev1,50.8,:J135_10,1788.12,-E70,1632.27,ElectricTruck,48.62,2026-01-01 00:07:08
ev1,49.9,E209,1809.05,-E70,1611.34,ElectricTruck,48.62,2026-01-01 00:07:08.500000
ev1,50.29,E209,1816.04,-E70,1604.35,ElectricTruck,48.62,2026-01-01 00:07:09
ev1,50.36,E209,1823.03,-E70,1597.36,ElectricTruck,48.62,2026-01-01 00:07:09.500000
ev1,50.47,E209,1830.04,-E70,1590.35,ElectricTruck,48.61,2026-01-01 00:07:10
ev1,50.0,E209,1836.99,-E70,1583.4,ElectricTruck,48.61,2026-01-01 00:07:10.500000
ev1,50.44,:J138_10,1836.99,-E70,1583.4,ElectricTruck,48.61,2026-01-01 00:07:11
ev1,50.76,:J138_10,1836.99,-E70,1583.4,ElectricTruck,48.61,2026-01-01 00:07:11.500000
ev1,50.08,-E200,1858.0,-E70,1562.39,ElectricTruck,48.61,2026-01-01 00:07:12
ev1,50.72,-E200,1865.05,-E70,1555.34,ElectricTruck,48.6,2026-01-01 00:07:12.500000
ev1,50.62,-E200,1872.08,-E70,1548.31,ElectricTruck,48.6,2026-01-01 00:07:13
ev1,50.11,-E200,1879.04,-E70,1541.35,ElectricTruck,48.6,2026-01-01 00:07:13.500000
ev1,50.69,-E200,1886.08,-E70,1534.31,ElectricTruck,48.6,2026-01-01 00:07:14
ev1,50.94,:J69_18,1886.08,-E70,1534.31,ElectricTruck,48.59,2026-01-01 00:07:14.500000
ev1,50.65,:J69_18,1886.08,-E70,1534.31,ElectricTruck,48.59,2026-01-01 00:07:15
ev1,50.47,:J69_18,1886.08,-E70,1534.31,ElectricTruck,48.59,2026-01-01 00:07:15.500000
ev1,50.9,:J69_18,1886.08,-E70,1534.31,ElectricTruck,48.59,2026-01-01 00:07:16
ev1,50.9,:J69_18,1886.08,-E70,1534.31,ElectricTruck,48.59,2026-01-01 00:07:16.500000
ev1,50.62,E103,1928.37,-E70,1492.02,ElectricTruck,48.59,2026-01-01 00:07:17
ev1,50.83,E103,1935.43,-E70,1484.96,ElectricTruck,48.58,2026-01-01 00:07:17.500000
ev1,50.4,E103,1942.43,-E70,1477.96,ElectricTruck,48.58,2026-01-01 00:07:18
ev1,50.87,E103,1949.5,-E70,1470.89,ElectricTruck,48.58,2026-01-01 00:07:18.500000
ev1,51.01,E103,1956.58,-E70,1463.81,ElectricTruck,48.58,2026-01-01 00:07:19
ev1,50.54,E103,1963.6,-E70,1456.79,ElectricTruck,48.58,2026-01-01 00:07:19.500000
ev1,50.33,E103,1970.59,-E70,1449.8,ElectricTruck,48.58,2026-01-01 00:07:20
ev1,49.97,E103,1977.53,-E70,1442.86,ElectricTruck,48.58,2026-01-01 00:07:20.500000
ev1,50.29,E103,1984.52,-E70,1435.87,ElectricTruck,48.56,2026-01-01 00:07:21
ev1,50.15,E103,1991.48,-E70,1428.91,ElectricTruck,48.56,2026-01-01 00:07:21.500000
ev1,50.47,E103,1998.49,-E70,1421.9,ElectricTruck,48.56,2026-01-01 00:07:22
ev1,50.69,E103,2005.53,-E70,1414.86,ElectricTruck,48.56,2026-01-01 00:07:22.500000
ev1,49.97,E103,2012.47,-E70,1407.92,ElectricTruck,48.56,2026-01-01 00:07:23
ev1,51.05,E103,2019.56,-E70,1400.83,ElectricTruck,48.55,2026-01-01 00:07:23.500000
ev1,50.72,E103,2026.61,-E70,1393.78,ElectricTruck,48.55,2026-01-01 00:07:24
ev1,50.26,E103,2033.59,-E70,1386.8,ElectricTruck,48.55,2026-01-01 00:07:24.500000
ev1,50.44,E103,2040.59,-E70,1379.8,ElectricTruck,48.55,2026-01-01 00:07:25
ev1,50.33,E103,2047.58,-E70,1372.81,ElectricTruck,48.55,2026-01-01 00:07:25.500000
ev1,50.36,E103,2054.58,-E70,1365.81,ElectricTruck,48.54,2026-01-01 00:07:26
ev1,50.58,E103,2061.6,-E70,1358.79,ElectricTruck,48.54,2026-01-01 00:07:26.500000
ev1,50.15,E103,2068.57,-E70,1351.82,ElectricTruck,48.54,2026-01-01 00:07:27
ev1,51.05,E103,2075.66,-E70,1344.73,ElectricTruck,48.52,2026-01-01 00:07:27.500000
ev1,50.83,E103,2082.72,-E70,1337.67,ElectricTruck,48.52,2026-01-01 00:07:28
ev1,50.4,E103,2089.72,-E70,1330.67,ElectricTruck,48.54,2026-01-01 00:07:28.500000
ev1,50.0,E103,2096.67,-E70,1323.72,ElectricTruck,48.54,2026-01-01 00:07:29
ev1,50.8,E103,2103.72,-E70,1316.67,ElectricTruck,48.52,2026-01-01 00:07:29.500000
ev1,50.26,E103,2110.7,-E70,1309.69,ElectricTruck,48.52,2026-01-01 00:07:30
ev1,50.08,E103,2117.66,-E70,1302.73,ElectricTruck,48.52,2026-01-01 00:07:30.500000
ev1,51.05,E103,2124.74,-E70,1295.65,ElectricTruck,48.51,2026-01-01 00:07:31
ev1,50.11,E103,2131.71,-E70,1288.68,ElectricTruck,48.52,2026-01-01 00:07:31.500000
ev1,50.62,E103,2138.74,-E70,1281.65,ElectricTruck,48.51,2026-01-01 00:07:32
ev1,50.22,E103,2145.71,-E70,1274.68,ElectricTruck,48.51,2026-01-01 00:07:32.500000
ev1,50.18,E103,2152.68,-E70,1267.71,ElectricTruck,48.51,2026-01-01 00:07:33
ev1,50.04,E103,2159.63,-E70,1260.76,ElectricTruck,48.51,2026-01-01 00:07:33.500000
ev1,50.62,E103,2166.66,-E70,1253.73,ElectricTruck,48.5,2026-01-01 00:07:34
ev1,50.4,:J70_11,2166.66,-E70,1253.73,ElectricTruck,48.5,2026-01-01 00:07:34.500000
ev1,50.15,:J70_11,2166.66,-E70,1253.73,ElectricTruck,48.5,2026-01-01 00:07:35
ev1,50.29,:J70_11,2166.66,-E70,1253.73,ElectricTruck,48.5,2026-01-01 00:07:35.500000
ev1,50.04,:J70_11,2166.66,-E70,1253.73,ElectricTruck,48.5,2026-01-01 00:07:36
ev1,50.51,:J70_11,2166.66,-E70,1253.73,ElectricTruck,48.49,2026-01-01 00:07:36.500000
ev1,50.65,-E187,2208.61,-E70,1211.78,ElectricTruck,48.49,2026-01-01 00:07:37
ev1,50.58,-E187,2215.64,-E70,1204.75,ElectricTruck,48.48,2026-01-01 00:07:37.500000
ev1,50.69,-E187,2222.68,-E70,1197.71,ElectricTruck,48.48,2026-01-01 00:07:38
ev1,50.08,-E187,2229.63,-E70,1190.76,ElectricTruck,48.48,2026-01-01 00:07:38.500000
ev1,50.36,-E187,2236.63,-E70,1183.76,ElectricTruck,48.48,2026-01-01 00:07:39
ev1,50.0,-E187,2243.57,-E70,1176.82,ElectricTruck,48.48,2026-01-01 00:07:39.500000
ev1,50.62,-E187,2250.61,-E70,1169.78,ElectricTruck,48.46,2026-01-01 00:07:40
ev1,51.05,-E187,2257.69,-E70,1162.7,ElectricTruck,48.46,2026-01-01 00:07:40.500000
ev1,50.04,-E187,2264.65,-E70,1155.74,ElectricTruck,48.46,2026-01-01 00:07:41
ev1,50.29,-E187,2271.63,-E70,1148.76,ElectricTruck,48.46,2026-01-01 00:07:41.500000
ev1,50.22,:J130_4,2271.63,-E70,1148.76,ElectricTruck,48.45,2026-01-01 00:07:42
ev1,50.11,:J130_4,2271.63,-E70,1148.76,ElectricTruck,48.45,2026-01-01 00:07:42.500000
ev1,46.4,-E186,2292.01,-E70,1128.38,ElectricTruck,48.48,2026-01-01 00:07:43
ev1,39.2,-E186,2297.46,-E70,1122.93,ElectricTruck,48.51,2026-01-01 00:07:43.500000
ev1,32.0,-E186,2301.9,-E70,1118.49,ElectricTruck,48.54,2026-01-01 00:07:44
ev1,24.8,-E186,2305.34,-E70,1115.05,ElectricTruck,48.56,2026-01-01 00:07:44.500000
ev1,17.78,-E186,2307.81,-E70,1112.58,ElectricTruck,48.59,2026-01-01 00:07:45
ev1,10.58,-E186,2309.28,-E70,1111.11,ElectricTruck,48.6,2026-01-01 00:07:45.500000
ev1,3.38,-E186,2309.75,-E70,1110.64,ElectricTruck,48.6,2026-01-01 00:07:46
ev1,0.68,-E186,2309.84,-E70,1110.55,ElectricTruck,48.6,2026-01-01 00:07:46.500000
ev1,0.04,-E186,2309.85,-E70,-1073741824.0,ElectricTruck,48.6,2026-01-01 00:07:47
ev1,0.0,-E186,2309.85,-E70,-1073741824.0,ElectricTruck,48.6,2026-01-01 00:07:47.500000
ev1,0.0,-E186,2309.85,-E70,-1073741824.0,ElectricTruck,48.6,2026-01-01 00:07:48
ev1,0.0,-E186,2309.85,-E70,-1073741824.0,ElectricTruck,48.6,2026-01-01 00:07:48.500000
ev1,0.0,-E186,2309.85,-E70,-1073741824.0,ElectricTruck,48.6,2026-01-01 00:07:49
ev1,0.0,-E186,2309.85,-E70,-1073741824.0,ElectricTruck,48.6,2026-01-01 00:07:49.500000
ev1,0.0,-E186,2309.85,-E70,-1073741824.0,ElectricTruck,48.6,2026-01-01 00:07:50
ev1,0.0,-E186,2309.85,-E70,-1073741824.0,ElectricTruck,48.6,2026-01-01 00:07:50.500000
ev1,0.0,-E186,2309.85,-E70,-1073741824.0,ElectricTruck,48.6,2026-01-01 00:07:51
ev1,0.0,-E186,2309.85,-E70,-1073741824.0,ElectricTruck,48.6,2026-01-01 00:07:51.500000
ev1,0.0,-E186,2309.85,-E70,-1073741824.0,ElectricTruck,48.6,2026-01-01 00:07:52
ev1,0.0,-E186,2309.85,-E70,-1073741824.0,ElectricTruck,48.6,2026-01-01 00:07:52.500000
ev1,0.0,-E186,2309.85,-E70,-1073741824.0,ElectricTruck,48.6,2026-01-01 00:07:53
ev1,0.0,-E186,2309.85,-E70,-1073741824.0,ElectricTruck,48.6,2026-01-01 00:07:53.500000
ev1,0.0,-E186,2309.85,-E70,-1073741824.0,ElectricTruck,48.6,2026-01-01 00:07:54
ev1,0.0,-E186,2309.85,-E70,-1073741824.0,ElectricTruck,48.6,2026-01-01 00:07:54.500000
ev1,0.0,-E186,2309.85,-E70,-1073741824.0,ElectricTruck,48.6,2026-01-01 00:07:55
ev1,0.0,-E186,2309.85,-E70,-1073741824.0,ElectricTruck,48.6,2026-01-01 00:07:55.500000
ev1,0.0,-E186,2309.85,-E70,-1073741824.0,ElectricTruck,48.6,2026-01-01 00:07:56
ev1,0.0,-E186,2309.85,-E70,-1073741824.0,ElectricTruck,48.6,2026-01-01 00:07:56.500000
ev1,0.0,-E186,2309.85,-E70,-1073741824.0,ElectricTruck,48.6,2026-01-01 00:07:57
ev1,0.0,-E186,2309.85,-E70,-1073741824.0,ElectricTruck,48.6,2026-01-01 00:07:57.500000
ev1,0.0,-E186,2309.85,-E70,-1073741824.0,ElectricTruck,48.6,2026-01-01 00:07:58
ev1,0.0,-E186,2309.85,-E70,-1073741824.0,ElectricTruck,48.6,2026-01-01 00:07:58.500000
ev1,0.0,-E186,2309.85,-E70,-1073741824.0,ElectricTruck,48.6,2026-01-01 00:07:59
ev1,0.0,-E186,2309.85,-E70,-1073741824.0,ElectricTruck,48.6,2026-01-01 00:07:59.500000
ev1,0.0,-E186,2309.85,-E70,-1073741824.0,ElectricTruck,48.6,2026-01-01 00:08:00
ev1,0.0,-E186,2309.85,-E70,-1073741824.0,ElectricTruck,48.6,2026-01-01 00:08:00.500000
ev1,0.0,-E186,2309.85,-E70,-1073741824.0,ElectricTruck,48.6,2026-01-01 00:08:01
ev1,0.0,-E186,2309.85,-E70,-1073741824.0,ElectricTruck,48.6,2026-01-01 00:08:01.500000
ev1,0.0,-E186,2309.85,-E70,-1073741824.0,ElectricTruck,48.6,2026-01-01 00:08:02
ev1,0.0,-E186,2309.85,-E70,-1073741824.0,ElectricTruck,48.6,2026-01-01 00:08:02.500000
ev1,0.0,-E186,2309.85,-E70,-1073741824.0,ElectricTruck,48.6,2026-01-01 00:08:03
ev1,0.0,-E186,2309.85,-E70,-1073741824.0,ElectricTruck,48.6,2026-01-01 00:08:03.500000
ev1,0.0,-E186,2309.85,-E70,-1073741824.0,ElectricTruck,48.6,2026-01-01 00:08:04
ev1,0.0,-E186,2309.85,-E70,-1073741824.0,ElectricTruck,48.6,2026-01-01 00:08:04.500000
ev1,0.0,-E186,2309.85,-E70,-1073741824.0,ElectricTruck,48.6,2026-01-01 00:08:05
ev1,0.0,-E186,2309.85,-E70,-1073741824.0,ElectricTruck,48.6,2026-01-01 00:08:05.500000
ev1,0.0,-E186,2309.85,-E70,-1073741824.0,ElectricTruck,48.6,2026-01-01 00:08:06
ev1,0.0,-E186,2309.85,-E70,-1073741824.0,ElectricTruck,48.6,2026-01-01 00:08:06.500000
ev1,0.0,-E186,2309.85,-E70,-1073741824.0,ElectricTruck,48.6,2026-01-01 00:08:07
ev1,0.0,-E186,2309.85,-E70,-1073741824.0,ElectricTruck,48.6,2026-01-01 00:08:07.500000
ev1,0.0,-E186,2309.85,-E70,-1073741824.0,ElectricTruck,48.6,2026-01-01 00:08:08
ev1,0.0,-E186,2309.85,-E70,-1073741824.0,ElectricTruck,48.6,2026-01-01 00:08:08.500000
ev1,0.0,-E186,2309.85,-E70,-1073741824.0,ElectricTruck,48.6,2026-01-01 00:08:09
ev1,0.0,-E186,2309.85,-E70,-1073741824.0,ElectricTruck,48.6,2026-01-01 00:08:09.500000
ev1,0.0,-E186,2309.85,-E70,-1073741824.0,ElectricTruck,48.6,2026-01-01 00:08:10
ev1,0.0,-E186,2309.85,-E70,-1073741824.0,ElectricTruck,48.6,2026-01-01 00:08:10.500000
ev1,0.0,-E186,2309.85,-E70,-1073741824.0,ElectricTruck,48.6,2026-01-01 00:08:11
ev1,0.0,-E186,2309.85,-E70,-1073741824.0,ElectricTruck,48.6,2026-01-01 00:08:11.500000
ev1,0.0,-E186,2309.85,-E70,-1073741824.0,ElectricTruck,48.6,2026-01-01 00:08:12
ev1,0.0,-E186,2309.85,-E70,-1073741824.0,ElectricTruck,48.6,2026-01-01 00:08:12.500000
ev1,0.0,-E186,2309.85,-E70,-1073741824.0,ElectricTruck,48.6,2026-01-01 00:08:13
ev1,0.0,-E186,2309.85,-E70,-1073741824.0,ElectricTruck,48.6,2026-01-01 00:08:13.500000
ev1,0.0,-E186,2309.85,-E70,-1073741824.0,ElectricTruck,48.6,2026-01-01 00:08:14
ev1,0.0,-E186,2309.85,-E70,-1073741824.0,ElectricTruck,48.6,2026-01-01 00:08:14.500000
ev1,0.0,-E186,2309.85,-E70,-1073741824.0,ElectricTruck,48.6,2026-01-01 00:08:15
ev1,0.0,-E186,2309.85,-E70,-1073741824.0,ElectricTruck,48.6,2026-01-01 00:08:15.500000
ev1,0.0,-E186,2309.85,-E70,-1073741824.0,ElectricTruck,48.6,2026-01-01 00:08:16
ev1,0.0,-E186,2309.85,-E70,-1073741824.0,ElectricTruck,48.6,2026-01-01 00:08:16.500000
ev1,0.0,-E186,2309.85,-E70,-1073741824.0,ElectricTruck,48.6,2026-01-01 00:08:17
ev1,0.0,-E186,2309.85,-E70,-1073741824.0,ElectricTruck,48.6,2026-01-01 00:08:17.500000
ev1,0.0,-E186,2309.85,-E70,-1073741824.0,ElectricTruck,48.6,2026-01-01 00:08:18
ev1,0.0,-E186,2309.85,-E70,-1073741824.0,ElectricTruck,48.6,2026-01-01 00:08:18.500000
ev1,0.0,-E186,2309.85,-E70,-1073741824.0,ElectricTruck,48.6,2026-01-01 00:08:19
ev1,0.0,-E186,2309.85,-E70,-1073741824.0,ElectricTruck,48.6,2026-01-01 00:08:19.500000
ev1,0.0,-E186,2309.85,-E70,-1073741824.0,ElectricTruck,48.6,2026-01-01 00:08:20
